Facility name,Responsible emitter,State/Territory of operation,ANZSIC,ERC,Baseline emissions number,Covered emissions,Borrowing adjustment amount,ACCUs issued,ACCUs deemed surrendered,ACCUs surrendered,SMCs surrendered,Net emissions number,Net position number,SMCs issued,Units relinquished,Cumulative MYMP net emissions number,Cumulative MYMP net position number,GHG Carbon dioxide,GHG Methane,GHG Nitrous oxide,GHG Other,Notes
2. Solid Waste Services - MRL,Cleanaway Waste Management Limited,VIC,"Waste treatment, disposal and remediation services (292)",0.902,"377,924","197,276", -   ,"180,171", -   , -   , -   ,"377,447",-477, -   , -   ,-,-,"21,592","175,580",104, -   ,The facility is covered by a landfill baseline.
Angaston Operations,ADBRI LIMITED,SA,"Cement, lime, plaster and concrete product manufacturing (203)",0.98,"100,000","91,255", -   , -   , -   , -   , -   ,"91,255","-8,745", -   , -   ,-,-,"91,167",60,28, -   ,The facility is an eligible facility under 58B.
APLNG Facility,CONOCOPHILLIPS AUSTRALIA OPERATIONS PTY LTD,QLD,Oil and gas extraction (070),0.902,"2,059,639","2,206,497", -   , -   , -   , -   ,"146,858","2,059,639", -   , -   , -   ,-,-,"2,169,926","34,530","1,969",72,-
APN01 Appin Colliery - ICH Facility,ENDEAVOUR COAL PTY LIMITED,NSW,Coal mining (060),0.902,"2,305,451","2,359,680", -   , -   , -   ," 4,468 "," 49,761 ","2,305,451", -   , -   , -   ,-,-,"113,734","2,245,885",21,40,-
APU01 Pyrenees - AOA Facility,WOODSIDE ENERGY GLOBAL PTY LTD,WA,Oil and gas extraction (070),0.902,"132,862","144,213", -   , -   , -   ,"10,607",745,"132,861",-1, -   , -   ,-,-,"138,092","5,931",190, -   ,-
ARC01 Mining Area C - MNG Facility,BHP IRON ORE PTY LTD,WA,Metal ore mining (080),0.902,"757,811","587,292", -   , -   , -   , -   , -   ,"587,292","-170,519", -   , -   ,-,-,"584,403",835,"1,888",166,-
Arcadia,Santos Limited,QLD,Oil and gas extraction (070),0.902,"144,203","134,510", -   , -   , -   , -   , -   ,"134,510","-9,693","9,693", -   ,-,-,"122,589","11,453",289,179,-
Arrow Surat Operations,Arrow Energy Holdings Pty Ltd,QLD,Oil and gas extraction (070),0.902,"185,665","179,006", -   , -   , -   , -   , -   ,"179,006","-6,659","6,659", -   ,-,-,"137,769","41,077",160, -   ,-
Ashton Coal Mine (Underground),ASHTON COAL OPERATIONS PTY LIMITED,NSW,Coal mining (060),0.902,"194,109","682,780", -   , -   , -   ," 488,671 ", -   ,"194,109", -   , -   , -   ,-,-,"15,563","667,189",23,5,"As the facility surrendered 30% or more of its baseline in ACCUs, the required written explanation as to why more carbon abatement did not occur at the facility can be found on the baselines and emissions data page."
Aurizon National Transport Facility,AURIZON OPERATIONS LIMITED,National,Rail freight transport (471),0.902,"574,103","658,557", -   , -   , -   ,"84,454", -   ,"574,103", -   , -   , -   ,-,-,"653,862",975,"3,720", -   ,-
AusNet Gas Services Pty Ltd,AusNet Services Holdings Pty Ltd,VIC,Gas supply (270),0.902,"180,601","187,314", -   , -   , -   ,"6,713", -   ,"180,601", -   , -   , -   ,-,-,"2,687","184,625",2, -   ,-
Australian Gas Networks (Vic) Pty Ltd,Australian Gas Networks Holding Pty Ltd,VIC,Gas supply (270),0.902,"110,234","111,347", -   , -   , -   , -   ,"1,113","110,234", -   , -   , -   ,-,-,"1,923","109,423",1, -   ,-
Ballera,Santos Limited,QLD,Oil and gas extraction (070),0.902,"104,065","149,747", -   , -   , -   , -   ,"45,682","104,065", -   , -   , -   ,-,-,"137,758","11,852",136,1,-
Baralaba Coal Mine,BARALABA COAL COMPANY PTY LTD ,QLD,Coal mining (060),0.902,"122,977","133,263", -   , -   , -   ,"6,445","3,841","122,977", -   , -   , -   ,-,-,"87,644","45,367",252, -   ,-
Batchfire Resources No.1,BATCHFIRE RESOURCES PTY LTD,QLD,Coal mining (060),0.902,"200,861","229,693", -   , -   , -   , -   , -   ,"229,693","28,832", -   , -   ,"448,565","85,942","228,716",323,651,3,Please refer to the Multi-year monitoring period reported emissions data table for more information.
Beaudesert Plant - A J Bush & Sons (Mfrs) P/L,A.J. Bush & Sons (Manufactures) Pty Ltd,QLD,Meat and meat product manufacturing (111),0.902, N/A ,"102,839", -   , -   , -   , -   , -   ,"102,839",N/A, -   , -   ,-,-,"51,514","51,207",118, -   ,"The facility has no production variable applicable to its activities, and therefore no baseline has been set by the CER. DCCEEW is considering the setting of a relevant production variable."
Beharra Springs,BEACH ENERGY LIMITED,WA,Oil and gas extraction (070),0.902,"100,000","128,002", -   , -   , -   ,"11,588","16,414","100,000", -   , -   , -   ,-,-,"122,387","5,012",603, -   ,-
Bell Bay Smelter,RIO TINTO ALUMINIUM (BELL BAY) LIMITED,TAS,Basic non-ferrous metal manufacturing (213),0.98,"349,556","341,166", -   , -   , -   , -   , -   ,"341,166","-8,390"," 8,390 ", -   ,-,-,"323,973",48,20,"17,125",-
Bengalla Operations,Bengalla Mining Company Pty Limited,NSW,Coal mining (060),0.902,"526,009","692,775", -   , -   , -   ,"166,766", -   ,"526,009", -   , -   , -   ,-,-,"203,843","488,372",543,17,"As the facility surrendered 30% or more of its baseline in ACCUs, the required written explanation as to why more carbon abatement did not occur at the facility can be found on the baselines and emissions data page."
Birkenhead Operations,ADBRI LIMITED,SA,"Cement, lime, plaster and concrete product manufacturing (203)",0.902,"874,516","796,132", -   , -   , -   , -   , -   ,"796,132","-78,384","78,384", -   ,-,-,"793,345",474,"2,313", -   ,-
Blackwater Coal Mine,WHITEHAVEN BLACKWATER PTY LTD,QLD,Coal mining (060),0.902,"690,525","801,671", -   , -   , -   ,"88,622","22,524","690,525", -   , -   , -   ,-,-,"360,276","440,321","1,049",25,-
Blair Athol Operations,ORION MINING PTY LTD,QLD,Coal mining (060),0.902,"100,000","101,931", -   , -   , -   ,"1,931", -   ,"100,000", -   , -   , -   ,-,-,"39,302","62,511",114,4,-
Boggabri Coal Minesite,BOGGABRI COAL PTY LIMITED,NSW,Coal mining (060),0.902,"200,054","218,760", -   , -   , -   ,"18,706", -   ,"200,054", -   , -   , -   ,-,-,"217,498",647,610,5,-
Boyne Smelters Limited,RIO TINTO ALUMINIUM LIMITED,QLD,Basic non-ferrous metal manufacturing (213),0.98,"920,815","943,720", -   , -   , -   ,"13,160","9,745","920,815", -   , -   , -   ,-,-,"876,323",148,57,"67,192",-
Brockman 2 / Nammuldi Mines,Hamersley Iron Pty. Limited,WA,Metal ore mining (080),0.902,"152,378","304,904", -   , -   , -   ,"152,526", -   ,"152,378", -   , -   , -   ,-,-,"303,570",433,901, -   ,"As the facility surrendered 30% or more of its baseline in ACCUs, the required written explanation as to why more carbon abatement did not occur at the facility can be found on the baselines and emissions data page."
Brockman 4 Mine,Hamersley Iron Pty. Limited,WA,Metal ore mining (080),0.902,"165,060","232,771", -   , -   , -   ,"67,711", -   ,"165,060", -   , -   , -   ,-,-,"231,717",350,704, -   ,"As the facility surrendered 30% or more of its baseline in ACCUs, the required written explanation as to why more carbon abatement did not occur at the facility can be found on the baselines and emissions data page."
Bulga Coal Complex,BULGA COAL MANAGEMENT PTY LIMITED,NSW,Coal mining (060),0.902,"692,463","585,235", -   , -   , -   , -   , -   ,"585,235","-107,228","107,228", -   ,-,-,"291,738","292,656",824,17,-
Burton Complex,BOWEN COKING COAL LIMITED,QLD,Coal mining (060),0.902,"182,836","173,658", -   , -   , -   , -   , -   ,"173,658","-9,178", -   , -   ,-,-,"82,529","90,883",245,1,-
Byerwen Mine,BYERWEN COAL PTY LTD,QLD,Coal mining (060),0.902,"248,356","340,920", -   , -   , -   ," 92,564 ", -   ,"248,356", -   , -   , -   ,-,-,"184,626","155,739",555, -   ,"As the facility surrendered 30% or more of its baseline in ACCUs, the required written explanation as to why more carbon abatement did not occur at the facility can be found on the baselines and emissions data page."
CAN01,South32 Cannington Proprietary Limited,QLD,Metal ore mining (080),0.902,"106,486","122,968", -   , -   , -   ,"16,482", -   ,"106,486", -   , -   , -   ,-,-,"122,604",228,116,20,-
Capcoal Mine,ANGLO COAL (CAPCOAL MANAGEMENT) PTY LIMITED,QLD,Coal mining (060),0.902,"2,148,463","1,004,050", -   , -   , -   , -   , -   ,"1,004,050","-1,144,413","1,144,413", -   ,-,-,"184,728","818,697",559,66,-
Carborough Downs Coal Mine,FITZROY (CQ) PTY LTD,QLD,Coal mining (060),0.902,"530,894","793,653", -   , -   , -   ,"262,759", -   ,"530,894", -   , -   , -   ,-,-,"138,183","654,259",741,470,"As the facility surrendered 30% or more of its baseline in ACCUs, the required written explanation as to why more carbon abatement did not occur at the facility can be found on the baselines and emissions data page."
Carmichael Coal Mine,Adani Mining Pty Ltd,QLD,Coal mining (060),0.902,"1,021,505","741,002", -   , -   , -   , -   , -   ,"741,002","-280,503","280,503", -   ,-,-,"278,519","461,681",802, -   ,-
Carosue Dam Operations,NORTHERN STAR (CAROSUE DAM) PTY LTD,WA,Metal ore mining (080),0.902,"100,000","104,670", -   , -   , -   , -   ," 4,670 ","100,000", -   , -   , -   ,-,-,"104,290",173,199,8,-
Caval Ridge Mine,BM Alliance Coal Operations Pty Limited,QLD,Coal mining (060),0.902,"283,285","343,254", -   , -   , -   ,"59,969", -   ,"283,285", -   , -   , -   ,-,-,"338,307","3,969",964,14,-
CEM NSW Berrima Maldon,Boral Limited,NSW,"Cement, lime, plaster and concrete product manufacturing (203)",0.902,"944,588","860,111", -   , -   , -   , -   , -   ,"860,111","-84,477","84,477", -   ,-,-,"857,443",305,"2,363", -   ,-
Centurion Coal Mine,Centurion Coal Mining Pty Ltd,QLD,Coal mining (060),0.902,"160,736","591,219", -   , -   , -   ,"391,110","39,373","160,736", -   , -   , -   ,-,-,"141,664","448,722",832,1,"As the facility surrendered 30% or more of its baseline in ACCUs, the required written explanation as to why more carbon abatement did not occur at the facility can be found on the baselines and emissions data page."
Chandala Processing Plant,Tronox Management Pty Ltd,WA,Basic chemical manufacturing (181),0.902,"193,612","214,468", -   , -   , -   ,"20,856", -   ,"193,612", -   , -   , -   ,-,-,"214,438",21,7,2,-
Christmas Creek Mine,CHICHESTER METALS PTY LTD,WA,Metal ore mining (080),0.902,"352,267","372,827", -   , -   , -   , -   , -   ,"372,827","20,560", -   , -   ,"745,078","40,825","371,167",530,"1,101",29,Please refer to the Multi-year monitoring period reported emissions data table for more information.
Clermont Coal Operations,Clermont Coal Operations Pty Limited,QLD,Coal mining (060),0.902,"187,630","145,229", -   , -   , -   , -   , -   ,"145,229","-42,401","42,401", -   ,-,-,"144,612",202,405,10,-
Cloudbreak Mine,CHICHESTER METALS PTY LTD,WA,Metal ore mining (080),0.902,"247,491","332,001", -   , -   , -   ,"31,575","52,935","247,491", -   , -   , -   ,-,-,"330,544",473,968,16,-
Cockburn Operations,ADBRI LIMITED,WA,"Cement, lime, plaster and concrete product manufacturing (203)",0.902,"503,740","524,450", -   , -   , -   , -   ," 20,710 ","503,740", -   , -   , -   ,-,-,"523,996",301,144,9,-
Collinsvile Mine,NC COAL COMPANY PTY LIMITED,QLD,Coal mining (060),0.902,"100,000","67,076", -   , -   , -   , -   , -   ,"67,076","-32,924", -   , -   ,-,-,"62,440","4,459",175,2,The facility is an eligible facility under 58B.
Condabri Talinga Orana,ORIGIN ENERGY UPSTREAM OPERATOR PTY LTD,QLD,Oil and gas extraction (070),0.902,"381,411","247,011", -   , -   , -   , -   , -   ,"247,011","-134,400","134,400", -   ,-,-,"162,469","84,043",251,248,-
Cook Colliery,Constellation Mining Pty Ltd,QLD,Coal mining (060),0.902,"106,479","142,267", -   , -   , -   ," 35,788 ", -   ,"106,479", -   , -   , -   ,-,-,"6,176","136,083",8, -   ,"As the facility surrendered 30% or more of its baseline in ACCUs, the required written explanation as to why more carbon abatement did not occur at the facility can be found on the baselines and emissions data page."
Coppabella Coal Mine,PEABODY ENERGY AUSTRALIA PCI (C&M MANAGEMENT) PTY LTD,QLD,Coal mining (060),0.902,"156,190","208,542", -   , -   , -   ," 46,651 ","5,701","156,190", -   , -   , -   ,-,-,"119,878","88,315",343,6,-
CSBP Kwinana Facility,CSBP Limited,WA,Fertiliser and pesticide manufacturing (183),0.902,"692,197","641,327", -   , -   , -   , -   , -   ,"641,327","-50,870","50,870", -   ,-,-,"507,621",344,"133,356",6,-
CTC WA Facility,CENTURION TRANSPORT CO. PTY LTD,WA,Road freight transport (461),0.902,"119,456","118,994", -   , -   , -   , -   , -   ,"118,994",-462,462, -   ,-,-,"118,154",170,670, -   ,-
Curragh Mine,CORONADO AUSTRALIA HOLDINGS PTY LTD,QLD,Coal mining (060),0.902,"535,181","1,093,183", -   , -   , -   , -   , -   ,"1,093,183","558,002", -   , -   ,"2,002,616","868,708","333,972","758,208",982,21,Please refer to the Multi-year monitoring period reported emissions data table for more information.
Curtis Island GLNG Plant,GLNG OPERATIONS PTY LTD,QLD,Oil and gas extraction (070),0.902,"1,610,744","1,677,171", -   , -   , -   , -   ,"66,427","1,610,744", -   , -   , -   ,-,-,"1,616,470","59,612","1,088",1,-
Darwin LNG Plant,Santos Limited,NT,Oil and gas extraction (070),0.902,"100,000","10,063", -   , -   , -   , -   , -   ,"10,063","-89,937", -   , -   ,-,-,"4,706","5,343",14, -   ,The facility is an eligible facility under 58B.
Daunia Coal Mine,WHITEHAVEN DAUNIA PTY LTD,QLD,Coal mining (060),0.902,"277,375","209,969", -   , -   , -   , -   , -   ,"209,969","-67,406","67,406", -   ,-,-,"168,516","40,963",479,11,-
Dawson Mine,ANGLO COAL (DAWSON MANAGEMENT) PTY LTD,QLD,Coal mining (060),0.902,"492,550","574,390", -   , -   , -   ,"81,840", -   ,"492,550", -   , -   , -   ,-,-,"283,625","289,896",833,36,-
DBNGP,DBNGP (WA) Transmission Pty Limited,WA,Pipeline and other transport (502),0.902,"232,997","211,921", -   , -   , -   , -   , -   ,"211,921","-21,076", -   , -   ,"729,123","7,907","175,246","36,563",112, -   ,Please refer to the Multi-year monitoring period reported emissions data table for more information.
DEN01,Dendrobium Coal Pty Ltd,NSW,Coal mining (060),0.902,"199,253","477,762", -   , -   , -   ," 203,888 "," 74,621 ","199,253", -   , -   , -   ,-,-,"196,828","280,919",9,6,"As the facility surrendered 30% or more of its baseline in ACCUs, the required written explanation as to why more carbon abatement did not occur at the facility can be found on the baselines and emissions data page."
Dongara Operations,ADBRI LIMITED,WA,"Cement, lime, plaster and concrete product manufacturing (203)",0.902,"100,000","91,814", -   , -   , -   , -   , -   ,"91,814","-8,186", -   , -   ,-,-,"91,732",62,20, -   ,The facility is an eligible facility under 58B.
Drake Mine,Drake Mine Management Pty Ltd,QLD,Coal mining (060),0.902,"213,653","235,637", -   , -   , -   ," 21,984 ", -   ,"213,653", -   , -   , -   ,-,-,"82,856","152,541",240, -   ,-
Duketon South Operations,Regis Resources Limited,WA,Metal ore mining (080),0.902,"167,545","164,526", -   , -   , -   , -   , -   ,"164,526","-3,019","3,019", -   ,-,-,"163,796",225,505, -   ,-
Eliwana Mine,FMG SOLOMON PTY LTD,WA,Metal ore mining (080),0.902,"157,344","178,715", -   , -   , -   , -   , -   ,"178,715","21,371", -   , -   ,"343,609","50,488","177,930",255,530, -   ,Please refer to the Multi-year monitoring period reported emissions data table for more information.
Ensham Coal Mine,ENSHAM RESOURCES PTY. LIMITED,QLD,Coal mining (060),0.902,"292,941","261,158", -   , -   , -   , -   , -   ,"261,158","-31,783","42,636", -   ,-,-,"31,808","229,243",103,4,"The responsible emitter was required to relinquish 10,853 units by 14/06/2026 and has not yet fulfilled that requirement."
Fairview,Santos Limited,QLD,Oil and gas extraction (070),0.902,"264,027","162,315", -   , -   , -   , -   , -   ,"162,315","-101,712","101,712", -   ,-,-,"128,279","33,582",147,307,-
Fimiston Operations,KALGOORLIE CONSOLIDATED GOLD MINES PTY LTD,WA,Metal ore mining (080),0.902,"125,151","271,036", -   , -   , -   ," 136,139 "," 9,746 ","125,151", -   , -   , -   ,-,-,"269,817",393,786,40,"As the facility surrendered 30% or more of its baseline in ACCUs, the required written explanation as to why more carbon abatement did not occur at the facility can be found on the baselines and emissions data page."
Fisherman's Landing - Clinker & Cement,CEMENT AUSTRALIA (QUEENSLAND) PTY LIMITED,QLD,"Cement, lime, plaster and concrete product manufacturing (203)",0.902,"1,291,368","1,338,072", -   , -   , -   ,"46,704", -   ,"1,291,368", -   , -   , -   ,-,-,"1,336,493",257,"1,322", -   ,-
Fisherman's Landing - Lime,CEMENT AUSTRALIA (QUEENSLAND) PTY LIMITED,QLD,"Cement, lime, plaster and concrete product manufacturing (203)",0.93449,"173,709","191,984", -   , -   , -   ,"18,275", -   ,"173,709", -   , -   , -   ,-,-,"191,756",40,188, -   ,-
FLNG,SHELL AUSTRALIA PTY LTD,WA,Oil and gas extraction (070),0.902,"3,675,438","2,253,798", -   , -   , -   , -   , -   ,"2,253,798","-1,421,640","1,421,640", -   ,-,-,"2,163,785","88,197","1,799",17,-
Foxleigh Mine,FOXLEIGH MANAGEMENT PTY LTD,QLD,Coal mining (060),0.902,"206,135","266,489", -   , -   , -   ,"60,354", -   ,"206,135", -   , -   , -   ,-,-,"160,149","105,878",462, -   ,-
Geelong Refinery,Viva Energy Refining Pty Ltd,VIC,Petroleum and coal product manufacturing (170),0.98,"954,727","1,061,314", -   , -   , -   ,"106,587", -   ,"954,727", -   , -   , -   ,-,-,"1,049,250","9,046","1,750","1,268",-
GEM01,Groote Eylandt Mining Company Proprietary Limited,NT,Metal ore mining (080),0.902,"100,000","135,299", -   , -   , -   , -   ,"35,299","100,000", -   , -   , -   ,-,-,"134,438",78,766,17,-
Gibson Island,DYNO NOBEL LIMITED,QLD,Fertiliser and pesticide manufacturing (183),0.902,"100,000",294, -   , -   , -   , -   , -   ,294,"-99,706", -   , -   ,-,-,293, -   ,1, -   ,The facility is an eligible facility under 58B.
Gippsland Basin facility,ESSO AUSTRALIA RESOURCES PTY LTD,VIC,Oil and gas extraction (070),0.902,"1,329,204","1,634,475", -   , -   , -   ,"305,272", -   ,"1,329,203",-1, -   , -   ,-,-,"1,533,563","97,264","3,648", -   ,-
Goldfields Gas Transmission Pipeline,Goldfields Gas Transmission Pty Ltd,WA,Pipeline and other transport (502),0.902,"100,000","95,267", -   , -   , -   , -   , -   ,"95,267","-4,733", -   , -   ,-,-,"73,636","21,588",43, -   ,The facility is an eligible facility under 58B.
Goonyella Broadmeadow Mine,BM Alliance Coal Operations Pty Limited,QLD,Coal mining (060),0.902,"890,016","1,358,763", -   , -   , -   ,"468,747", -   ,"890,016", -   , -   , -   ,-,-,"486,637","870,506","1,443",177,"As the facility surrendered 30% or more of its baseline in ACCUs, the required written explanation as to why more carbon abatement did not occur at the facility can be found on the baselines and emissions data page."
Gorgon Operations,CHEVRON AUSTRALIA PTY LTD,WA,Oil and gas extraction (070),0.902,"8,543,442","9,021,856", -   , -   , -   ,"478,414", -   ,"8,543,442", -   , -   , -   ,-,-,"8,760,179","252,429","8,460",788,-
Gove Operations,RTA GOVE PTY LIMITED,NT,Basic non-ferrous metal manufacturing (213),0.902,"108,964","135,550", -   , -   , -   ,"26,586", -   ,"108,964", -   , -   , -   ,-,-,"134,947",193,398,12,-
Granny Smith Mine Site,GSM MINING COMPANY PTY LTD,WA,Metal ore mining (080),0.902,"106,554","123,215", -   , -   , -   ,"16,661", -   ,"106,554", -   , -   , -   ,-,-,"122,818",224,172,1,-
Greenbushes Lithium Operation,Talison Lithium Australia Pty Ltd,WA,Metal ore mining (080),0.902,"100,000","127,780", -   , -   , -   ,"27,780", -   ,"100,000", -   , -   , -   ,-,-,"127,163",183,378,56,-
Grosvenor Mine,ANGLO COAL (MORANBAH NORTH MANAGEMENT) PTY LIMITED,QLD,Coal mining (060),0.902,"100,000","24,626", -   , -   , -   , -   , -   ,"24,626","-75,374", -   , -   ,-,-,"18,705","5,805",90,26,The facility is an eligible facility under 58B.
Gruyere Mine Site,Gruyere Mining Company Pty Ltd,WA,Metal ore mining (080),0.902,"190,697","267,882", -   , -   , -   ," 77,185 ", -   ,"190,697", -   , -   , -   ,-,-,"266,980",451,451, -   ,"As the facility surrendered 30% or more of its baseline in ACCUs, the required written explanation as to why more carbon abatement did not occur at the facility can be found on the baselines and emissions data page."
Hail Creek Mine,HAIL CREEK COAL PTY LTD,QLD,Coal mining (060),0.902,"1,237,293","987,836", -   , -   , -   , -   , -   ,"987,836","-249,457","249,457", -   ,-,-,"326,545","660,358",916,17,-
Hope Downs 1 Mine,Hamersley HMS Pty Ltd,WA,Metal ore mining (080),0.902,"100,000","161,539", -   , -   , -   ,"61,539", -   ,"100,000", -   , -   , -   ,-,-,"160,841",229,469, -   ,"As the facility surrendered 30% or more of its baseline in ACCUs, the required written explanation as to why more carbon abatement did not occur at the facility can be found on the baselines and emissions data page."
Hope Downs 4 Mine,Hamersley HMS Pty Ltd,WA,Metal ore mining (080),0.902,"100,000","143,256", -   , -   , -   ,"43,256", -   ,"100,000", -   , -   , -   ,-,-,"142,636",204,416, -   ,"As the facility surrendered 30% or more of its baseline in ACCUs, the required written explanation as to why more carbon abatement did not occur at the facility can be found on the baselines and emissions data page."
Hunter Valley Operations mine,HV OPERATIONS PTY LTD,NSW,Coal mining (060),0.902,"630,086","670,583", -   , -   , -   ,"40,497", -   ,"630,086", -   , -   , -   ,-,-,"367,108","302,459",997,19,-
HVY01 Hunter Valley Energy Coal - CCL Facility,Hunter Valley Energy Coal Pty Ltd,NSW,Coal mining (060),0.902,"538,040","548,294", -   , -   , -   ,"10,254", -   ,"538,040", -   , -   , -   ,-,-,"510,971","35,854","1,462",7,-
InfraBuild Steel - Laverton Steel Mill,THE AUSTRALIAN STEEL COMPANY (OPERATIONS) PTY LTD,VIC,Basic ferrous metal manufacturing (211),0.902,"105,155","111,329", -   , -   , -   ,"6,174", -   ,"105,155", -   , -   , -   ,-,-,"111,147",129,42,11,-
Integra Underground Mine,HV Coking Coal Pty Limited,NSW,Coal mining (060),0.902,"100,000","153,496", -   , -   , -   ,"27,500","25,996","100,000", -   , -   , -   ,-,-,"2,869","150,621",2,4,-
Iron Bridge Mine,IB Operations Pty Ltd,WA,Metal ore mining (080),0.902,"100,000","156,160", -   , -   , -   ,"24,819","31,341","100,000", -   , -   , -   ,-,-,"155,458",222,465,15,-
Isaac Plains Complex,STANMORE RESOURCES LIMITED,QLD,Coal mining (060),0.902,"159,941","207,822", -   , -   , -   ," 47,881 ", -   ,"159,941", -   , -   , -   ,-,-,"97,911","109,622",289, -   ,-
Jax Mine,Jax Coal Pty Ltd,QLD,Coal mining (060),0.902,"110,693","114,373", -   , -   , -   ," 3,680 ", -   ,"110,693", -   , -   , -   ,-,-,"46,740","67,497",136, -   ,-
Jellinbah Mine,JELLINBAH MINING PTY LTD,QLD,Coal mining (060),0.902,"337,996","406,136", -   , -   , -   ,"68,140", -   ,"337,996", -   , -   , -   ,-,-,"198,421","207,143",572, -   ,-
JGN,Jemena Gas Networks (NSW) Ltd,NSW,Gas supply (270),0.902,"314,603","272,434", -   , -   , -   , -   , -   ,"272,434","-42,169","42,169", -   ,-,-,"4,153","268,261",20, -   ,-
Jimblebar Mine,BHP IRON ORE PTY LTD,WA,Metal ore mining (080),0.902,"278,021","341,862", -   , -   , -   ,"63,841", -   ,"278,021", -   , -   , -   ,-,-,"340,381",487,994, -   ,-
Jundee Gold Mine,NORTHERN STAR RESOURCES LIMITED,WA,Metal ore mining (080),0.902,"140,519","115,913", -   , -   , -   , -   , -   ,"115,913","-24,606","24,606", -   ,-,-,"115,474",184,232,23,-
Karlawinda Gold Project,Capricorn Metals Limited,WA,Metal ore mining (080),0.902,"100,000","109,583", -   , -   , -   ," 9,583 ", -   ,"100,000", -   , -   , -   ,-,-,"109,067",179,337, -   ,-
Kemerton Silicon Smelter,SIMCOA OPERATIONS PTY. LTD.,WA,Basic non-ferrous metal manufacturing (213),0.902,"100,000","112,136", -   , -   , -   , -   , -   ,"112,136","12,136", -   , -   ,"112,136","12,136","112,107",12,7,10,Please refer to the Multi-year monitoring period reported emissions data table for more information.
Kestrel Mine,Kestrel Coal Group Pty Ltd,QLD,Coal mining (060),0.902,"708,388","1,263,099", -   , -   , -   ,"504,711","50,000","708,388", -   , -   , -   ,-,-,"412,496","848,423","2,161",19,"As the facility surrendered 30% or more of its baseline in ACCUs, the required written explanation as to why more carbon abatement did not occur at the facility can be found on the baselines and emissions data page."
King of the Hills,GREENSTONE RESOURCES (WA) PTY LTD,WA,Metal ore mining (080),0.902,"158,105","136,354", -   , -   , -   , -   , -   ,"136,354","-21,751","21,751", -   ,-,-,"135,856",228,270, -   ,-
Koodaideri Mine,Mount Bruce Mining Pty Ltd,WA,Metal ore mining (080),0.902,"593,864","150,607", -   , -   , -   , -   , -   ,"150,607","-443,257","443,257", -   ,-,-,"149,959",214,434, -   ,-
Kooragang Island,ORICA AUSTRALIA PTY LTD,NSW,Other basic chemical product manufacturing (189),0.902,"921,488","582,845", -   ,"596,177","260,000", -   , -   ,"919,022","-2,466", -   , -   ,-,-,"568,139",455,"14,247",4,-
Kwinana Alumina Refinery,Alcoa of Australia Limited,WA,Basic non-ferrous metal manufacturing (213),0.98,"100,000","139,861", -   , -   , -   , -   ,"39,861","100,000", -   , -   , -   ,-,-,"139,471",270,112,8,-
Kwinana Pigment Plant,Tronox Management Pty Ltd,WA,Basic chemical manufacturing (181),0.98,"278,742","311,831", -   , -   , -   ,"23,445","9,644","278,742", -   , -   , -   ,-,-,"311,261",422,140,8,-
Lake Vermont Mine,THIESS PTY LTD,QLD,Coal mining (060),0.902,"294,328","318,955", -   , -   , -   ,"24,627", -   ,"294,328", -   , -   , -   ,-,-,"223,871","94,470",611,3,-
Leinster Power Station,TEC DESERT PTY LTD,WA,Electricity generation (261),0.902,"100,000","83,141", -   , -   , -   , -   , -   ,"83,141","-16,859", -   , -   ,-,-,"82,924",164,51,2,The facility is an eligible facility under 58B.
Liberty Bell Bay,Liberty Bell Bay Pty Ltd,TAS,Basic ferrous metal manufacturing (211),0.941,"150,481","189,872", -   , -   , -   , -   , -   ,"189,872","39,391", -   , -   ,-,-,"189,857",4,5,6,Please refer to the excess emissions situation table for more information.
Liberty Primary Steel Whyalla Steelworks,ONESTEEL MANUFACTURING PTY LIMITED,SA,Basic ferrous metal manufacturing (211),0.98,"838,562","1,287,610", -   , -   , -   ," 198,003 ", -   ,"1,089,607","251,045", -   , -   ,-,-,"1,287,015",396,192,7,Please refer to the excess emissions situation table for more information.
Macedon,WOODSIDE ENERGY GLOBAL PTY LTD,WA,Oil and gas extraction (070),0.902,"100,000","113,092", -   , -   , -   ,"13,092", -   ,"100,000", -   , -   , -   ,-,-,"106,399","6,621",72, -   ,-
Mandalong Mine,CENTENNIAL MANDALONG PTY LIMITED,NSW,Coal mining (060),0.902,"473,844","632,944", -   , -   , -   ,"68,419","90,681","473,844", -   , -   , -   ,-,-,"24,207","608,693",39,5,-
Mangoola,MANGOOLA COAL OPERATIONS PTY LIMITED,NSW,Coal mining (060),0.902,"174,392","143,013", -   , -   , -   , -   , -   ,"143,013","-31,379","31,379", -   ,-,-,"135,684","6,935",379,15,-
Marandoo Mine,Hamersley Iron Pty. Limited,WA,Metal ore mining (080),0.902,"100,000","153,982", -   , -   , -   ,"53,982", -   ,"100,000", -   , -   , -   ,-,-,"153,321",218,443, -   ,"As the facility surrendered 30% or more of its baseline in ACCUs, the required written explanation as to why more carbon abatement did not occur at the facility can be found on the baselines and emissions data page."
Maules Creek Open Cut Mine,MAULES CREEK COAL PTY LTD,NSW,Coal mining (060),0.902,"285,862","283,315", -   , -   , -   , -   , -   ,"283,315","-2,547","2,547", -   ,-,-,"281,672",861,778,4,-
McArthur River Mine Operations,MCARTHUR RIVER MINING PTY. LTD.,NT,Metal ore mining (080),0.902,"100,000","118,072", -   , -   , -   ,"1,309","16,763","100,000", -   , -   , -   ,-,-,"117,564",168,340, -   ,-
McArthur River Power Station,EDL NGD (NT) Pty Ltd,NT,Electricity generation (261),0.902,"132,352","154,742", -   , -   , -   ,"22,390", -   ,"132,352", -   , -   , -   ,-,-,"154,355",297,90, -   ,-
Metropolitan Colliery,METROPOLITAN COLLIERIES PTY. LTD.,NSW,Coal mining (060),0.902,"570,173","780,758", -   , -   , -   ,"167,544","43,041","570,173", -   , -   , -   ,-,-,"170,949","609,792",10,7,-
Middlemount Coal Mine,Middlemount Coal Pty Ltd,QLD,Coal mining (060),0.902,"232,392","272,169", -   , -   , -   ,"39,777", -   ,"232,392", -   , -   , -   ,-,-,"148,832","122,909",426,2,-
Montara Operations,JADESTONE ENERGY (EAGLE) PTY LTD,NT,Oil and gas extraction (070),0.902,"121,399","284,110", -   , -   , -   ,"162,711", -   ,"121,399", -   , -   , -   ,-,-,"235,280","47,425","1,403",2,"As the facility surrendered 30% or more of its baseline in ACCUs, the required written explanation as to why more carbon abatement did not occur at the facility can be found on the baselines and emissions data page."
Moolarben Coal Mine (Open Cut & Underground),MOOLARBEN COAL OPERATIONS PTY LTD,NSW,Coal mining (060),0.902,"273,084","233,290", -   , -   , -   , -   , -   ,"233,290","-39,794","39,794", -   ,-,-,"213,720","19,037",528,5,-
Moomba Plant,Santos Limited,SA,Oil and gas extraction (070),0.902,"1,782,513","1,078,118", -   , -   , -   , -   , -   ,"1,078,118","-704,395","704,395", -   ,-,-,"997,212","80,476",426,4,-
Moorvale Coal Mine,PEABODY ENERGY AUSTRALIA PCI (C&M MANAGEMENT) PTY LTD,QLD,Coal mining (060),0.902,"128,337","133,838", -   , -   , -   , -   ,"5,501","128,337", -   , -   , -   ,-,-,"64,298","69,355",184,1,-
Moranbah,DYNO NOBEL LIMITED,QLD,Other basic chemical product manufacturing (189),0.902,"387,571","309,375", -   , -   , -   , -   , -   ,"309,375","-78,196","78,196", -   ,-,-,"292,844",296,"16,233",2,-
Moranbah North Mine,ANGLO COAL (MORANBAH NORTH MANAGEMENT) PTY LIMITED,QLD,Coal mining (060),0.902,"645,924","1,406,857", -   , -   , -   ,"161,481","599,452","645,924", -   , -   , -   ,-,-,"150,999","1,255,106",728,24,-
Mount Isa Mines Copper and Zinc Operations,MOUNT ISA MINES LIMITED,QLD,Metal ore mining (080),0.902,"271,071","331,193", -   , -   , -   ,"60,122", -   ,"271,071", -   , -   , -   ,-,-,"330,177",341,556,119,-
Mount Pleasant Operations,MACH Energy Australia Pty Ltd,NSW,Coal mining (060),0.902,"239,365","221,984", -   , -   , -   , -   , -   ,"221,984","-17,381","17,381", -   ,-,-,"148,572","73,018",394, -   ,-
Mt Keith Power Station,TEC DESERT PTY LTD,WA,Electricity generation (261),0.902,"100,000","52,880", -   , -   , -   , -   , -   ,"52,880","-47,120", -   , -   ,-,-,"52,621",104,33,122,The facility is an eligible facility under 58B.
Mt Owen Glendell Complex,MT OWEN PTY LIMITED,NSW,Coal mining (060),0.902,"188,003","223,994", -   , -   , -   ,"35,991", -   ,"188,003", -   , -   , -   ,-,-,"183,801","39,668",521,4,-
Multinet Principal Distribution Network and South Gippsland Pipeline,MULTINET GAS (DB NO. 2) PTY LTD,VIC,Gas supply (270),0.902,"142,863","162,902", -   , -   , -   ,"20,039", -   ,"142,863", -   , -   , -   ,-,-,"4,021","158,881", -   , -   ,-
Murrin Murrin Operations,MURRIN MURRIN OPERATIONS PTY LTD,WA,Metal ore mining (080),0.941,"465,620","508,542", -   , -   , -   , -   ,"42,922","465,620", -   , -   , -   ,-,-,"507,508",639,395, -   ,-
Myuna Colliery,CENTENNIAL MYUNA PTY LIMITED,NSW,Coal mining (060),0.902,"266,812","176,131", -   , -   , -   , -   , -   ,"176,131","-90,681","90,681", -   ,-,-,"8,067","168,056",4,4,-
Narrabri Underground Mine,Narrabri Coal Operations Pty Ltd,NSW,Coal mining (060),0.902,"322,834","511,474", -   , -   , -   ,"150,355","38,285","322,834", -   , -   , -   ,-,-,"167,592","343,843",23,16,"As the facility surrendered 30% or more of its baseline in ACCUs, the required written explanation as to why more carbon abatement did not occur at the facility can be found on the baselines and emissions data page."
Newlands Coal Complex including Newlands Northern UG,NC COAL COMPANY PTY LIMITED,QLD,Coal mining (060),0.902,"100,000","101,144", -   , -   , -   ,"1,144", -   ,"100,000", -   , -   , -   ,-,-,"60,138","40,831",171,4,-
Newman Operations,BHP IRON ORE PTY LTD,WA,Metal ore mining (080),0.902,"282,096","347,444", -   , -   , -   ,"65,348", -   ,"282,096", -   , -   , -   ,-,-,"345,717",494,"1,069",164,-
Newman Power Station,APA TRANSMISSION (ROY HILL) PTY LTD,WA,Electricity generation (261),0.902,"496,339","381,037", -   ,"63,088", -   , -   , -   ,"444,125","-52,214","52,214", -   ,-,-,"380,056",754,227, -   ,-
Newmont Boddington Gold Operation,Newmont Boddington Pty Ltd,WA,Metal ore mining (080),0.902,"194,483","218,347", -   , -   , -   ,"11,986","11,878","194,483", -   , -   , -   ,-,-,"217,272",311,627,137,-
Newmont Tanami Operation,Newmont Tanami Pty Ltd,NT,Metal ore mining (080),0.902,"186,772","206,504", -   , -   , -   ,"7,854","11,878","186,772", -   , -   , -   ,-,-,"205,838",373,251,42,-
Ningaloo Vision FPSO,Santos Limited,WA,Oil and gas extraction (070),0.902,"180,651","159,413", -   , -   , -   , -   , -   ,"159,413","-21,238","21,238", -   ,-,-,"152,818","6,340",255, -   ,-
NKS01 Nickel West Kalgoorlie Facility,BHP NICKEL WEST PTY LTD,WA,Basic non-ferrous metal manufacturing (213),0.902,"100,000","32,038", -   , -   , -   , -   , -   ,"32,038","-67,962", -   , -   ,-,-,"32,014",17,7, -   ,The facility is an eligible facility under 58B.
NKW01 Nickel West Kwinana Facility,BHP NICKEL WEST PTY LTD,WA,Basic non-ferrous metal manufacturing (213),0.902,"100,000","59,573", -   , -   , -   , -   , -   ,"59,573","-40,427", -   , -   ,-,-,"59,415",113,45, -   ,The facility is an eligible facility under 58B.
NMK01 Nickel West Mt Keith Facility,BHP NICKEL WEST PTY LTD,WA,Metal ore mining (080),0.902,"100,000","32,437", -   , -   , -   , -   , -   ,"32,437","-67,563", -   , -   ,-,-,"32,293",46,98, -   ,The facility is an eligible facility under 58B.
Norske Skog Boyer Mill,Boyer Paper Mill Limited,TAS,"Pulp, paper and paperboard manufacturing (151)",0.98,"155,581","175,088", -   ,"22,530","22,530","19,507", -   ,"155,581", -   , -   , -   ,-,-,"174,622",81,385, -   ,-
North West Shelf Project,Woodside Energy Ltd.,WA,Oil and gas extraction (070),0.902,"4,829,212","5,750,304", -   , -   , -   ,"681,895","239,200","4,829,209",-3, -   , -   ,-,-,"5,627,322","118,026","4,956", -   ,-
Nowra Plant,Shoalhaven Starches Pty Ltd,NSW,Grain mill and cereal product manufacturing (116),0.902,"445,991","399,535", -   , -   , -   , -   , -   ,"399,535","-46,456","46,456", -   ,-,-,"395,958","3,241",336, -   ,-
Nyrstar Port Pirie Facility,Nyrstar Port Pirie Pty Ltd,SA,Basic non-ferrous metal manufacturing (213),0.98,"426,225","426,225","-5,677", -   , -   , -   , -   ,"426,225", -   , -   , -   ,-,-,"425,233",233,751,8,-
Oaky Creek Coal Complex,OAKY CREEK HOLDINGS PTY LIMITED,QLD,Coal mining (060),0.902,"618,093","838,833", -   , -   , -   ,"169,975","50,765","618,093", -   , -   , -   ,-,-,"235,767","602,179",878,9,-
ODS01 Olympic Dam – UOD Facility,BHP OLYMPIC DAM CORPORATION PTY LTD,SA,Metal ore mining (080),0.902,"228,123","229,988", -   , -   , -   , -   ,"1,865","228,123", -   , -   , -   ,-,-,"228,973",320,578,117,-
Olive Downs Complex,PEMBROKE RESOURCES NOMINEE PTY LTD,QLD,Coal mining (060),0.902,"100,000","392,766", -   , -   , -   ,"292,766", -   ,"100,000", -   , -   , -   ,-,-,"199,743","192,444",579, -   ,"As the facility surrendered 30% or more of its baseline in ACCUs, the required written explanation as to why more carbon abatement did not occur at the facility can be found on the baselines and emissions data page."
Onslow Haul Road,ONSLOW INFRACO PTY LTD,WA,Road freight transport (461),0.902,"100,000","126,242", -   , -   , -   ,"26,242", -   ,"100,000", -   , -   , -   ,-,-,"125,428",61,753, -   ,-
Opal Australian Paper Maryvale Mill,PAPER AUSTRALIA PTY LTD,VIC,"Pulp, paper and paperboard manufacturing (151)",0.98,"219,114","173,712", -   , -   , -   , -   , -   ,"173,712","-45,402"," 45,402 ", -   ,-,-,"170,050","1,773","1,887",2,-
Orora Glass Plant Gawler,Orora Limited,SA,Glass and glass product manufacturing (201),0.902,"153,086","134,492", -   , -   , -   , -   , -   ,"134,492","-18,594","18,594", -   ,-,-,"134,213",212,66,1,-
Otway,BEACH ENERGY LIMITED,VIC,Oil and gas extraction (070),0.902,"228,318","226,056", -   , -   , -   , -   , -   ,"226,056","-2,262","2,262", -   ,-,-,"218,472","7,447",137, -   ,-
Pacific National National Transport Facility,PACIFIC NATIONAL PTY LTD,National,Rail freight transport (471),0.902,"643,198","728,189", -   ,"18,975", -   ,"103,966", -   ,"643,198", -   , -   , -   ,-,-,"723,061","1,033","4,095", -   ,-
Paraburdoo Mine,Hamersley Iron Pty. Limited,WA,Metal ore mining (080),0.902,"100,000","139,337", -   , -   , -   ,"63,907", -   ,"75,430","-24,570", -   , -   ,-,-,"138,721",198,418, -   ,-
Parkhurst Magnesia Manufacturing Plant,QMAG PTY LIMITED,QLD,Other non-metallic mineral product manufacturing (209),0.98,"264,318","264,019", -   , -   , -   , -   , -   ,"264,019",-299, -   , -   ,-,-,"263,837",137,44,1,-
Peak Downs Mine,BM Alliance Coal Operations Pty Limited,QLD,Coal mining (060),0.902,"431,563","480,592", -   , -   , -   ,"49,029", -   ,"431,563", -   , -   , -   ,-,-,"462,374","16,892","1,316",10,-
Phosphate Hill,DYNO NOBEL LIMITED,QLD,Fertiliser and pesticide manufacturing (183),0.98,"446,062","472,151", -   , -   , -   , -   ,"26,089","446,062", -   , -   , -   ,-,-,"471,361",588,195,7,-
Pilbara Rail Operations,PILBARA IRON PTY LTD,WA,Rail freight transport (471),0.902,"569,672","651,125", -   , -   , -   ,"81,453", -   ,"569,672", -   , -   , -   ,-,-,"646,504",924,"3,697", -   ,-
Pilgangoora Operations,PLS GROUP LIMITED,WA,Metal ore mining (080),0.902,"145,243","167,449", -   , -   , -   ,"22,206", -   ,"145,243", -   , -   , -   ,-,-,"166,665",215,569, -   ,-
Pinjarra Alumina Refinery,Alcoa of Australia Limited,WA,Basic non-ferrous metal manufacturing (213),0.902,"1,434,251","1,268,082", -   , -   , -   , -   , -   ,"1,268,082","-166,169","166,169", -   ,-,-,"1,264,776","2,511",777,18,-
Pluto LNG,Woodside Burrup Pty. Ltd.,WA,Oil and gas extraction (070),0.902,"1,743,127","1,888,110", -   , -   , -   ,"144,983", -   ,"1,743,127", -   , -   , -   ,-,-,"1,837,921","46,908","3,281", -   ,-
Poitrel Mine,STANMORE RESOURCES LIMITED,QLD,Coal mining (060),0.902,"248,897","309,856", -   , -   , -   ," 60,959 ", -   ,"248,897", -   , -   , -   ,-,-,"192,233","117,100",523, -   ,-
Port Bonython Plant,Santos Limited,SA,Oil and gas extraction (070),0.902,"100,000","77,542", -   , -   , -   , -   , -   ,"77,542","-22,458", -   , -   ,-,-,"74,978","2,439",125, -   ,The facility is an eligible facility under 58B.
Port Kembla Steelworks,BLUESCOPE STEEL (AIS) PTY. LTD.,NSW,Basic ferrous metal manufacturing (211),0.98,"6,350,820","6,061,526", -   , -   , -   , -   , -   ,"6,061,526","-289,294","289,294", -   ,-,-,"6,061,116",187,155,68,-
Port Latta Pelletising Plant,GRANGE RESOURCES (TASMANIA) PTY LTD,TAS,Basic ferrous product manufacturing (212),0.902,"111,438","105,870", -   , -   , -   , -   , -   ,"105,870","-5,568","5,568", -   ,-,-,"105,602",189,79, -   ,-
Portland Aluminium Smelter,Alcoa Portland Aluminium Proprietary Limited,VIC,Basic non-ferrous metal manufacturing (213),0.941,"563,872","600,011", -   , -   , -   ,"31,371","4,768","563,872", -   , -   , -   ,-,-,"528,485",66,30,"71,430",-
Premier Coal Mine (Open Cut),Premier Coal Pty Ltd,WA,Coal mining (060),0.902,"100,000","106,030", -   , -   , -   ,"6,030", -   ,"100,000", -   , -   , -   ,-,-,"105,576",150,301,3,-
PRL03 Rail - IOR Facility,BHP IRON ORE PTY LTD,WA,Rail freight transport (471),0.902,"503,836","552,076", -   , -   , -   ,"48,240", -   ,"503,836", -   , -   , -   ,-,-,"548,178",784,"3,114", -   ,-
Qantas Airways Limited - National Facility,Qantas Airways Limited,National,Air and space transport (490),0.902,"4,404,094","4,622,401", -   , -   , -   ,"218,307", -   ,"4,404,094", -   , -   , -   ,-,-,"4,579,929",677,"40,424","1,371",-
Qenos Altona Manufacturing,QENOS PTY LTD,VIC,Basic chemical manufacturing (181),0.902,"100,000","68,353", -   , -   , -   , -   , -   ,"68,353","-31,647", -   , -   ,-,-,"68,236",89,27,1,The facility is an eligible facility under 58B.
Qenos Botany Manufacturing,QENOS PTY LTD,NSW,Basic chemical manufacturing (181),0.902,"100,000","31,016", -   , -   , -   , -   , -   ,"31,016","-68,984", -   , -   ,-,-,"30,937",56,22,1,The facility is an eligible facility under 58B.
QGC Upstream,QGC PTY LIMITED,QLD,Oil and gas extraction (070),0.902,"907,237","845,251", -   , -   , -   , -   , -   ,"845,251","-61,986","61,986", -   ,-,-,"630,375","214,100",612,164,-
Queensland Alumina Limited Refinery,QUEENSLAND ALUMINA LIMITED,QLD,Basic non-ferrous metal manufacturing (213),0.98,"2,814,233","3,169,994", -   , -   , -   ,"355,761", -   ,"2,814,233", -   , -   , -   ,-,-,"3,162,002","2,423","5,569", -   ,-
Queensland Curtis LNG Plant,QCLNG Operating Company Pty Ltd,QLD,Oil and gas extraction (070),0.902,"1,704,155","1,861,809", -   , -   , -   ,"45,198","112,456","1,704,155", -   , -   , -   ,-,-,"1,839,003","21,510","1,296", -   ,-
Queensland Nitrates Ammonium Nitrate Plant,Queensland Nitrates Pty Ltd,QLD,Basic chemical manufacturing (181),0.902,"162,397","163,243", -   , -   , -   , -   ,846,"162,397", -   , -   , -   ,-,-,"150,118",209,"12,916", -   ,-
Rail,THE PILBARA INFRASTRUCTURE PTY LTD,WA,Rail freight transport (471),0.902,"240,979","264,806", -   , -   , -   ,"10,314","13,513","240,979", -   , -   , -   ,-,-,"262,955",375,"1,476", -   ,-
Railton,CEMENT AUSTRALIA (GOLIATH) PTY LIMITED,TAS,"Cement, lime, plaster and concrete product manufacturing (203)",0.90892,"1,026,842","1,102,707", -   , -   , -   ,"75,865", -   ,"1,026,842", -   , -   , -   ,-,-,"1,101,698",170,839, -   ,-
Ravensthorpe Nickel Operation,FQM Australia Nickel Pty Ltd,WA,Metal ore mining (080),0.902,"100,000","5,876", -   , -   , -   , -   , -   ,"5,876","-94,124", -   , -   ,-,-,"5,833",9,17,17,The facility is an eligible facility under 58B.
Ravenswood Mine,RAVENSWOOD GOLD PTY LTD,QLD,Metal ore mining (080),0.902,"214,665","143,978", -   , -   , -   , -   , -   ,"143,978","-70,687","70,687", -   ,-,-,"143,343",208,416,11,-
Ravensworth Operations,RAVENSWORTH OPERATIONS PTY LIMITED,NSW,Coal mining (060),0.902,"295,410","331,739", -   , -   , -   ,"36,329", -   ,"295,410", -   , -   , -   ,-,-,"241,052","90,003",681,3,-
Refinery Qld Lytton,Ampol Limited,QLD,Petroleum and coal product manufacturing (170),0.941,"596,810","644,669", -   , -   , -   ,"47,859", -   ,"596,810", -   , -   , -   ,-,-,"635,851","7,622","1,184",12,-
Rio Tinto Marine - Qld,Rio Tinto Shipping (Asia) Pte Limited,QLD,Water freight transport (481),0.902,"100,000","79,666", -   , -   , -   , -   , -   ,"79,666","-20,334", -   , -   ,-,-,"79,110",78,478, -   ,The facility is an eligible facility under 58B.
Rio Tinto Weipa,RTA WEIPA PTY LTD,QLD,Metal ore mining (080),0.902,"243,584","277,044", -   , -   , -   ,"33,460", -   ,"243,584", -   , -   , -   ,-,-,"275,792",394,823,35,-
Rio Tinto Yarwun,RTA Yarwun Pty Ltd,QLD,Basic non-ferrous metal manufacturing (213),0.98,"1,910,570","2,045,310", -   , -   , -   ,"134,740", -   ,"1,910,570", -   , -   , -   ,-,-,"2,039,970","2,586","2,734",20,-
Rolleston Coal Mine,ROLLESTON COAL HOLDINGS PTY LIMITED,QLD,Coal mining (060),0.902,"181,244","196,617", -   , -   , -   ,"15,373", -   ,"181,244", -   , -   , -   ,-,-,"195,757",275,551,34,-
Roma Hub,Santos Limited,QLD,Oil and gas extraction (070),0.902,"152,421","105,321", -   , -   , -   , -   , -   ,"105,321","-47,100","47,100", -   ,-,-,"67,606","36,657",196,862,-
Roy Hill Mine,Roy Hill Holdings Pty Ltd,WA,Metal ore mining (080),0.902,"393,393","480,607", -   , -   , -   ,"87,214", -   ,"393,393", -   , -   , -   ,-,-,"478,393",671,"1,411",132,-
Russell Vale Colliery,WOLLONGONG RESOURCES PTY. LTD.,NSW,Coal mining (060),0.902,"89,800","160,035","-10,200", -   , -   , -   , -   ,"160,035","70,235", -   , -   ,"160,035","70,235","8,537","151,497", -   ,1,Please refer to the Multi-year monitoring period reported emissions data table for more information.
Saraji Mine,BM Alliance Coal Operations Pty Limited,QLD,Coal mining (060),0.902,"349,197","383,551", -   , -   , -   ,"34,354", -   ,"349,197", -   , -   , -   ,-,-,"335,522","47,026",963,40,-
Savage River Mine,GRANGE RESOURCES (TASMANIA) PTY LTD,TAS,Metal ore mining (080),0.902,"100,000","110,066", -   , -   , -   , -   , -   ,"110,066","10,066", -   , -   ,"229,224","29,224","109,598",156,312, -   ,Please refer to the Multi-year monitoring period reported emissions data table for more information.
Sewerage West,Melbourne Water Corporation,VIC,"Water supply, sewerage and drainage services (281)",0.902,"128,649","146,528", -   , -   , -   ,"20,000", -   ,"126,528","-2,121", -   , -   ,-,-,45,"121,110","25,362",11,-
SIMEC Mining - Middleback Range Iron Ore Mine (Whyalla),ONESTEEL MANUFACTURING PTY LIMITED,SA,Metal ore mining (080),0.902,"100,000","61,296", -   , -   , -   , -   , -   ,"61,296","-38,704", -   , -   ,-,-,"61,018",83,185,10,The facility is an eligible facility under 58B.
Sino Iron Project – Cape Preston,CITIC Pacific Mining Management Pty Ltd,WA,Metal ore mining (080),0.902,"792,477","836,882", -   , -   , -   ,"44,405", -   ,"792,477", -   , -   , -   ,-,-,"833,516","1,530",902,934,-
Solomon Mine,FMG SOLOMON PTY LTD,WA,Metal ore mining (080),0.902,"357,442","470,534", -   , -   , -   ,"42,881","70,211","357,442", -   , -   , -   ,-,-,"468,315",668,"1,389",162,-
Solomon Power Station,FMG SOLOMON PTY LTD,WA,Electricity generation (261),0.902,"474,965","436,601", -   , -   , -   , -   , -   ,"436,601","-38,364","38,364", -   ,-,-,"435,453",842,253,53,-
South Walker Creek,STANMORE RESOURCES LIMITED,QLD,Coal mining (060),0.902,"361,841","508,592", -   , -   , -   ," 76,064 "," 70,687 ","361,841", -   , -   , -   ,-,-,"256,201","251,654",737, -   ,-
South West Queensland Pipeline,APA (SWQP) PTY LIMITED,QLD; SA,Pipeline and other transport (502),0.902,"124,644","140,864", -   , -   , -   ,"16,222", -   ,"124,642",-2, -   , -   ,-,-,"118,827","21,966",71, -   ,-
South West Synthetic Rutile Operations,Iluka Resources Limited,WA,Metal ore mining (080),0.902,"238,856","285,198", -   , -   , -   ,"46,342", -   ,"238,856", -   , -   , -   ,-,-,"285,155",27,10,6,-
Spring Gully Reedy Creek Combabula,ORIGIN ENERGY UPSTREAM OPERATOR PTY LTD,QLD,Oil and gas extraction (070),0.902,"422,811","316,959", -   , -   , -   , -   , -   ,"316,959","-105,852","105,852", -   ,-,-,"204,469","111,989",303,198,-
Start up and Operations of the Ichthys LNG Project,INPEX Operations Australia Pty Ltd,NT,Oil and gas extraction (070),0.902,"6,322,859","6,255,335", -   , -   , -   , -   , -   ,"6,255,335","-67,524","67,524", -   ,-,-,"6,128,818","118,894","5,273","2,350",-
Sunrise Dam,AngloGold Ashanti Australia Limited,WA,Metal ore mining (080),0.902,"137,390","163,952", -   , -   , -   ,"26,562", -   ,"137,390", -   , -   , -   ,-,-,"163,434",292,206,20,-
TAHMOOR COAL MINE,TAHMOOR COAL PTY LTD,NSW,Coal mining (060),0.902,"731,110","757,886", -   , -   , -   , -   , -   ,"757,886","26,776", -   , -   ,-,-,"149,904","607,813",164,5,Please refer to the excess emissions situation table for more information.
Telfer Gold Mine,Newcrest Mining Limited,WA,Metal ore mining (080),0.902,"143,577","119,821", -   , -   , -   , -   , -   ,"119,821","-23,756","23,756", -   ,-,-,"119,400",204,194,23,-
Telfer Gold Mine,GREATLAND HOLDINGS GROUP PTY LTD,WA,Metal ore mining (080),0.902,"192,357","261,212", -   , -   , -   ,"68,855", -   ,"192,357", -   , -   , -   ,-,-,"260,431",476,282,23,"As the facility surrendered 30% or more of its baseline in ACCUs, the required written explanation as to why more carbon abatement did not occur at the facility can be found on the baselines and emissions data page."
Thunderbox Operations,NORTHERN STAR (THUNDERBOX) PTY LTD,WA,Metal ore mining (080),0.902,"180,197","190,387", -   , -   , -   , -   ," 10,190 ","180,197", -   , -   , -   ,-,-,"189,728",317,333,9,-
Tom Price Mine / WTS,Hamersley Iron Pty. Limited,WA,Metal ore mining (080),0.902,"138,056","172,874", -   , -   , -   ,"34,818", -   ,"138,056", -   , -   , -   ,-,-,"172,092",250,532, -   ,-
Tomago Aluminium Smelter,TOMAGO ALUMINIUM COMPANY PTY LTD,NSW,Basic non-ferrous metal manufacturing (213),0.902,"1,030,974","1,087,025", -   , -   , -   ,"56,051", -   ,"1,030,974", -   , -   , -   ,-,-,"1,011,713",164,67,"75,081",-
Tropicana Gold Mine,AngloGold Ashanti Australia Limited,WA,Metal ore mining (080),0.902,"285,439","280,553", -   , -   , -   , -   , -   ,"280,553","-4,886","4,886", -   ,-,-,"279,578",467,493,15,-
TT-Line - Victorian Operation,TT-Line Company Pty. Ltd.,VIC,Water passenger transport (482),0.902,"112,369","154,713", -   , -   , -   ," 42,344 ", -   ,"112,369", -   , -   , -   ,-,-,"153,661",218,834, -   ,"As the facility surrendered 30% or more of its baseline in ACCUs, the required written explanation as to why more carbon abatement did not occur at the facility can be found on the baselines and emissions data page."
United Coal Mine,UNITED COLLIERIES PTY LTD,NSW,Coal mining (060),0.902,"270,767","488,260", -   , -   , -   ,"74,461","143,032","270,767", -   , -   , -   ,-,-,"195,036","292,707",517, -   ,-
V/Line,V/Line Corporation,VIC,Rail passenger transport (472),0.902,"168,013","151,324", -   , -   , -   , -   , -   ,"151,324","-16,689","16,689", -   ,-,-,"150,250",209,865, -   ,-
Vales Point Power Station,Delta Power & Energy Pty Ltd,NSW,Coal mining (060),0.902,"485,087","563,387","-15,914", -   , -   ,"40,000","38,300","485,087", -   , -   , -   ,-,-,"29,082","534,292",3,10,-
Varanus Hub,Santos Limited,WA,Oil and gas extraction (070),0.902,"227,595","312,681", -   , -   , -   ,"66,000","19,086","227,595", -   , -   , -   ,-,-,"281,118","30,931",632, -   ,-
Vincent Project Venture,Woodside Energy Ltd.,WA,Oil and gas extraction (070),0.902,"261,109","282,383", -   , -   , -   ,"21,275", -   ,"261,108",-1, -   , -   ,-,-,"268,030","13,882",471, -   ,-
Virgin Australia Holdings National Transport Facility,VIRGIN AUSTRALIA HOLDINGS LIMITED,National,Air and space transport (490),0.902,"2,267,645","2,215,462", -   , -   , -   , -   , -   ,"2,215,462","-52,183","52,183", -   ,-,-,"2,196,222",317,"18,923", -   ,-
WA Transport facility,MGM BULK PTY LTD,WA,Road freight transport (461),0.902,"100,000","109,830", -   , -   , -   ,"9,830", -   ,"100,000", -   , -   , -   ,-,-,"109,052",156,622, -   ,-
Wagerup Alumina Refinery,Alcoa of Australia Limited,WA,Basic non-ferrous metal manufacturing (213),0.902,"1,217,338","1,306,994", -   , -   , -   , -   ,"89,656","1,217,338", -   , -   , -   ,-,-,"1,303,577","2,593",808,16,-
Wambo Coal Mine,WAMBO COAL PTY LIMITED,NSW,Coal mining (060),0.902,"193,130","139,316", -   , -   , -   , -   , -   ,"139,316","-53,814","53,814", -   ,-,-,"21,931","117,353",26,6,-
Warkworth Mine,Warkworth Mining Ltd,NSW,Coal mining (060),0.902,"763,046","1,064,719", -   , -   , -   ," 301,673 ", -   ,"763,046", -   , -   , -   ,-,-,"359,048","704,713",950,8,"As the facility surrendered 30% or more of its baseline in ACCUs, the required written explanation as to why more carbon abatement did not occur at the facility can be found on the baselines and emissions data page."
West Angelas Mine,Robe River Mining Co. Pty. Ltd.,WA,Metal ore mining (080),0.902,"204,720","264,443", -   , -   , -   ,"59,723", -   ,"204,720", -   , -   , -   ,-,-,"263,304",376,763, -   ,-
West Pilbara Iron Ore Project,ONSLOW IRON PTY LTD,WA,Metal ore mining (080),0.902,"100,000","135,870", -   , -   , -   ,"35,870", -   ,"100,000", -   , -   , -   ,-,-,"135,293",192,385, -   ,"As the facility surrendered 30% or more of its baseline in ACCUs, the required written explanation as to why more carbon abatement did not occur at the facility can be found on the baselines and emissions data page."
Western Port Works,BlueScope Steel Limited,VIC,Basic ferrous metal manufacturing (211),0.902,"100,000","81,563", -   , -   , -   , -   , -   ,"81,563","-18,437","1,138", -   ,-,-,"81,328",147,72,16,The facility is an eligible facility under 58B.
Wheatstone Operations,CHEVRON AUSTRALIA PTY LTD,WA,Oil and gas extraction (070),0.902,"4,025,022","4,020,667", -   , -   , -   , -   , -   ,"4,020,667","-4,355","4,355", -   ,-,-,"3,732,749","282,493","4,880",545,-
Wilpinjong Coal Mine,WILPINJONG COAL PTY LTD,NSW,Coal mining (060),0.902,"173,119","164,904", -   , -   , -   , -   , -   ,"164,904","-8,215","8,215", -   ,-,-,"161,903","2,589",407,5,-
Wodgina Lithium Project,MARBL Lithium Operations Pty Ltd,WA,Metal ore mining (080),0.902,"138,301","169,821", -   , -   , -   ,"31,520", -   ,"138,301", -   , -   , -   ,-,-,"169,230",282,302,7,-
Woodlawn Bioreactor,Veolia Environmental Services (Australia) Pty Ltd,NSW,"Waste treatment, disposal and remediation services (292)",0.902,"188,427","133,925", -   ,"24,920", -   , -   , -   ,"158,845","-29,582", -   , -   ,-,-,"7,378","126,500",43,4,The facility is covered by a landfill baseline.
WOR01,South32 Worsley Alumina Pty Ltd,WA,Basic non-ferrous metal manufacturing (213),0.902,"3,087,049","3,218,588", -   , -   , -   ,"63,499","68,040","3,087,049", -   , -   , -   ,-,-,"3,209,037","3,621","5,605",325,-
YAN01 Yandi/Marillana Creek Mine - MNG Facility,BHP IRON ORE PTY LTD,WA,Metal ore mining (080),0.902,"100,000","106,656", -   , -   , -   ,"6,656", -   ,"100,000", -   , -   , -   ,-,-,"106,123",152,331,50,-
Yandicoogina Mine,Hamersley Iron - Yandi Pty Limited,WA,Metal ore mining (080),0.902,"123,266","151,953", -   , -   , -   ,"28,687", -   ,"123,266", -   , -   , -   ,-,-,"151,251",232,470, -   ,-
Yarnima Power Station,BHP IRON ORE PTY LTD,WA,Electricity generation (261),0.902,"324,820","364,582", -   , -   , -   ,"39,762", -   ,"324,820", -   , -   , -   ,-,-,"363,618",723,241, -   ,-
Yarrabee Coal Mine (Open Cut),YARRABEE COAL COMPANY PTY. LTD.,QLD,Coal mining (060),0.902,"201,079","241,396", -   , -   , -   ,"40,317", -   ,"201,079", -   , -   , -   ,-,-,"132,383","108,633",380, -   ,-
Yarwun Nitrates,ORICA AUSTRALIA PTY LTD,QLD,Other basic chemical product manufacturing (189),0.902,"282,537","80,908", -   , -   , -   , -   , -   ,"80,908","-201,629","124,303", -   ,"458,247","-124,303","6,170",12,"74,726", -   ,Please refer to the Multi-year monitoring period reported emissions data table for more information.
YPF AMMONIA PLANT,Yara Pilbara Fertilisers Pty Ltd,WA,Fertiliser and pesticide manufacturing (183),0.98,"1,680,100","1,637,599", -   , -   , -   , -   , -   ,"1,637,599","-42,501","42,501", -   ,-,-,"1,636,513",834,252, -   ,-