asx_code,name,market_cap_aud,index_membership,asrs_group
360,Life360 Inc,4300000000.0,ASX 101-200,Group 1
AGL,AGL Energy Ltd,5700000000.0,ASX 100,Group 1
ALQ,Als Ltd,12000000000.0,ASX 100,Group 1
AMC,Amcor Plc,7800000000.0,ASX 100,Group 1
ALD,Ampol Ltd,8700000000.0,ASX 100,Group 1
ANZ,ANZ Group Holdings Ltd,103000000000.0,ASX 100,Group 1
APA,APA Group,14000000000.0,ASX 100,Group 1
ARG,Argo Investments Ltd,6500000000.0,ASX 100,Group 1
ALL,Aristocrat Leisure Ltd,31000000000.0,ASX 100,Group 1
ASX,ASX Ltd,9400000000.0,ASX 100,Group 1
ALX,Atlas Arteria,7400000000.0,ASX 100,Group 1
AIA,Auckland International Airport Ltd,12000000000.0,ASX 100,Group 1
AZJ,Aurizon Holdings Ltd,7300000000.0,ASX 100,Group 1
AFI,Australian Foundation Investment Company Ltd,7900000000.0,ASX 100,Group 1
BEN,Bendigo and Adelaide Bank Ltd,7000000000.0,ASX 100,Group 1
BHP,BHP Group Ltd,216000000000.0,ASX 100,Group 1
BSL,Bluescope Steel Ltd,14540000000.0,ASX 100,Group 1
BXB,Brambles Ltd,29000000000.0,ASX 100,Group 1
CMM,Capricorn Metals Ltd,5580000000.0,ASX 100,Group 1
CAR,CAR Group Ltd,14000000000.0,ASX 100,Group 1
CGF,Challenger Ltd,5200000000.0,ASX 100,Group 1
CHC,Charter Hall Group,7700000000.0,ASX 100,Group 1
CWY,Cleanaway Waste Management Ltd,5600000000.0,ASX 100,Group 1
COH,Cochlear Ltd,18000000000.0,ASX 100,Group 1
CDA,Codan Ltd,,ASX 100,Group 1
COL,Coles Group Ltd,23000000000.0,ASX 100,Group 1
CBA,Commonwealth Bank of Australia,280000000000.0,ASX 100,Group 1
CPU,Computershare Ltd,20000000000.0,ASX 100,Group 1
CSL,CSL Ltd,48000000000.0,ASX 100,Group 1
DXS,Dexus,6000000000.0,ASX 100,Group 1
DNL,Dyno Nobel Ltd,,ASX 100,Group 1
APE,Eagers Automotive Ltd,6100000000.0,ASX 100,Group 1
EDV,Endeavour Group Ltd,5330000000.0,ASX 100,Group 1
EVN,Evolution Mining Ltd,15000000000.0,ASX 100,Group 1
FPH,Fisher & Paykel Healthcare Corporation Ltd,28000000000.0,ASX 100,Group 1
FMG,Fortescue Ltd,67000000000.0,ASX 100,Group 1
GMD,Genesis Minerals Ltd,5950000000.0,ASX 100,Group 1
GMG,Goodman Group,62000000000.0,ASX 100,Group 1
GPT,GPT Group,9300000000.0,ASX 100,Group 1
GGP,Greatland Resources Ltd,,ASX 100,Group 1
HVN,Harvey Norman Holdings Ltd,5680000000.0,ASX 100,Group 1
HUB,HUB24 Ltd,5200000000.0,ASX 100,Group 1
IGO,IGO Ltd,,ASX 100,Group 1
IFT,Infratil Ltd,12470000000.0,ASX 100,Group 1
IAG,Insurance Australia Group Ltd,18000000000.0,ASX 100,Group 1
JHX,James Hardie Industries Plc,20000000000.0,ASX 100,Group 1
JBH,JB Hi-Fi Ltd,9100000000.0,ASX 100,Group 1
LNW,Light & Wonder Inc,11000000000.0,ASX 100,Group 1
LTR,Liontown Ltd,,ASX 100,Group 1
LYC,Lynas Rare Earths Ltd,8700000000.0,ASX 100,Group 1
MQG,Macquarie Group Ltd,91000000000.0,ASX 100,Group 1
MPL,Medibank Private Ltd,13000000000.0,ASX 100,Group 1
MCY,Mercury NZ Ltd,8000000000.0,ASX 100,Group 1
MEZ,Meridian Energy Ltd,6200000000.0,ASX 100,Group 1
MIN,Mineral Resources Ltd,13000000000.0,ASX 100,Group 1
MGR,Mirvac Group,6600000000.0,ASX 100,Group 1
NAB,National Australia Bank Ltd,110000000000.0,ASX 100,Group 1
NWL,Netwealth Group Ltd,6600000000.0,ASX 100,Group 1
NEM,Newmont Corporation,82000000000.0,ASX 100,Group 1
NXT,NEXTDC Ltd,9600000000.0,ASX 100,Group 1
NST,Northern Star Resources Ltd,25000000000.0,ASX 100,Group 1
ORI,Orica Ltd,9900000000.0,ASX 100,Group 1
ORG,Origin Energy Ltd,19000000000.0,ASX 100,Group 1
PRU,Perseus Mining Ltd,,ASX 100,Group 1
PLS,PLS Group Ltd,7800000000.0,ASX 100,Group 1
PME,Pro Medicus Ltd,17320000000.0,ASX 100,Group 1
QAN,Qantas Airways Ltd,14000000000.0,ASX 100,Group 1
QBE,QBE Insurance Group Ltd,24000000000.0,ASX 100,Group 1
QUB,QUBE Holdings Ltd,10000000000.0,ASX 100,Group 1
RMS,Ramelius Resources Ltd,5560000000.0,ASX 100,Group 1
RHC,Ramsay Health Care Ltd,11000000000.0,ASX 100,Group 1
REA,REA Group Ltd,29000000000.0,ASX 100,Group 1
RIO,Rio Tinto Ltd,166000000000.0,ASX 100,Group 1
RMD,ResMed Inc,35000000000.0,ASX 100,Group 1
STO,Santos Ltd,19000000000.0,ASX 100,Group 1
SCG,Scentre Group,16000000000.0,ASX 100,Group 1
SGH,SGH Ltd,16930000000.0,ASX 100,Group 1
SIG,Sigma Healthcare Ltd,33710000000.0,ASX 100,Group 1
SGM,Sims Ltd,5430000000.0,ASX 100,Group 1
SHL,Sonic Healthcare Ltd,14000000000.0,ASX 100,Group 1
S32,South32 Ltd,20320000000.0,ASX 100,Group 1
SGP,Stockland,11000000000.0,ASX 100,Group 1
SUN,Suncorp Group Ltd,21000000000.0,ASX 100,Group 1
TNE,Technology One Ltd,,ASX 100,Group 1
TLS,Telstra Group Ltd,41000000000.0,ASX 100,Group 1
TLC,The Lottery Corporation Ltd,10000000000.0,ASX 100,Group 1
TPG,TPG Telecom Ltd,5700000000.0,ASX 100,Group 1
TCL,Transurban Group,47210000000.0,ASX 100,Group 1
VCX,Vicinity Centres,8700000000.0,ASX 100,Group 1
SOL,Washington H. Soul Pattinson and Company Ltd,16430000000.0,ASX 100,Group 1
WES,Wesfarmers Ltd,82000000000.0,ASX 100,Group 1
WBC,Westpac Banking Corporation,110000000000.0,ASX 100,Group 1
WHC,Whitehaven Coal Ltd,5700000000.0,ASX 100,Group 1
WTC,Wisetech Global Ltd,37000000000.0,ASX 100,Group 1
WDS,Woodside Energy Group Ltd,37000000000.0,ASX 100,Group 1
WOW,Woolworths Group Ltd,42000000000.0,ASX 100,Group 1
WOR,Worley Ltd,,ASX 100,Group 1
XRO,Xero Ltd,28000000000.0,ASX 100,Group 1
YAL,Yancoal Australia Ltd,,ASX 100,Group 1
4DX,4DMEDICAL Ltd,2400000000.0,ASX 101-200,Group 1
ASK,Abacus Storage King,1900000000.0,ASX 101-200,Group 1
AAI,Alcoa Corporation,4000000000.0,ASX 101-200,Group 1
ALK,Alkane Resources Ltd,1900000000.0,ASX 101-200,Group 1
AMP,AMP Ltd,3800000000.0,ASX 101-200,Group 1
ANN,Ansell Ltd,4000000000.0,ASX 101-200,Group 1
AUB,AUB Group Ltd,3400000000.0,ASX 101-200,Group 1
AUI,Australian United Investment Company Ltd,1900000000.0,ASX 101-200,Group 1
BOQ,Bank Of Queensland Ltd,5300000000.0,ASX 101-200,Group 1
BKW,Brickworks Ltd,5200000000.0,ASX 101-200,Group 1
CCP,Credit Corp Group Ltd,2200000000.0,ASX 101-200,Group 1
CTD,Corporate Travel Management Ltd,2400000000.0,ASX 101-200,Group 1
DBI,Dalrymple Bay Infrastructure Ltd,2900000000.0,ASX 101-200,Group 1
DRR,Deterra Royalties Ltd,2300000000.0,ASX 101-200,Group 1
DVP,Develop Global Ltd,2100000000.0,ASX 101-200,Group 1
DDR,Dicker Data Ltd,2100000000.0,ASX 101-200,Group 1
DOW,Downer Edi Ltd,5300000000.0,ASX 101-200,Group 1
DRO,Droneshield Ltd,2600000000.0,ASX 101-200,Group 1
EBO,Ebos Group Ltd,3500000000.0,ASX 101-200,Group 1
EOS,Electro Optic Systems Holdings Ltd,2300000000.0,ASX 101-200,Group 1
ELV,Elevra Lithium Ltd,2100000000.0,ASX 101-200,Group 1
EMR,Emerald Resources NL,3700000000.0,ASX 101-200,Group 1
ELD,Elders Ltd,2000000000.0,ASX 101-200,Group 1
EQT,EQT Holdings Ltd,2000000000.0,ASX 101-200,Group 1
FCL,Fineos Corporation Holdings Plc,1900000000.0,ASX 101-200,Group 1
FLT,Flight Centre Travel Group Ltd,5700000000.0,ASX 101-200,Group 1
FSF,Fonterra Shareholders Fund,2700000000.0,ASX 101-200,Group 1
GDF,Garda Property Group,2000000000.0,ASX 101-200,Group 1
GQG,GQG Partners Inc,7700000000.0,ASX 101-200,Group 1
HLS,Healius Ltd,1900000000.0,ASX 101-200,Group 1
HLI,Helia Group Ltd,2000000000.0,ASX 101-200,Group 1
HSN,Hansen Technologies Ltd,1900000000.0,ASX 101-200,Group 1
HMC,HMC Capital Ltd,4800000000.0,ASX 101-200,Group 1
IFL,Insignia Financial Ltd,2900000000.0,ASX 101-200,Group 1
IPL,Incitec Pivot Ltd,5100000000.0,ASX 101-200,Group 1
ILU,Iluka Resources Ltd,3600000000.0,ASX 101-200,Group 1
ING,Inghams Group Ltd,2000000000.0,ASX 101-200,Group 1
IVC,Invocare Ltd,2000000000.0,ASX 101-200,Group 1
JHG,Janus Henderson Group Plc,8300000000.0,ASX 101-200,Group 1
KAR,Karoon Energy Ltd,2100000000.0,ASX 101-200,Group 1
LLC,Lendlease Group,5400000000.0,ASX 101-200,Group 1
LIC,Lifestyle Communities Ltd,2200000000.0,ASX 101-200,Group 1
LFS,Latitude Group Holdings Ltd,2400000000.0,ASX 101-200,Group 1
MAQ,Macquarie Technology Group Ltd,2000000000.0,ASX 101-200,Group 1
MP1,Megaport Ltd,3400000000.0,ASX 101-200,Group 1
MSB,Mesoblast Ltd,2600000000.0,ASX 101-200,Group 1
MTS,Metcash Ltd,3300000000.0,ASX 101-200,Group 1
MXT,Metrics Master Income Trust,2300000000.0,ASX 101-200,Group 1
MFF,MFF Capital Investments Ltd,3000000000.0,ASX 101-200,Group 1
MND,Monadelphous Group Ltd,3000000000.0,ASX 101-200,Group 1
NHF,Nib Holdings Ltd,3200000000.0,ASX 101-200,Group 1
ORA,Orora Ltd,3900000000.0,ASX 101-200,Group 1
OSH,Oil Search Ltd,2000000000.0,ASX 101-200,Group 1
PDN,Paladin Energy Ltd,4800000000.0,ASX 101-200,Group 1
PMV,Premier Investments Ltd,5800000000.0,ASX 101-200,Group 1
PNI,Pinnacle Investment Management Group Ltd,3700000000.0,ASX 101-200,Group 1
PPT,Perpetual Ltd,2700000000.0,ASX 101-200,Group 1
PTM,Platinum Asset Management Ltd,1900000000.0,ASX 101-200,Group 1
PRN,Perenti Ltd,2000000000.0,ASX 101-200,Group 1
RDY,ReadyTech Holdings Ltd,2000000000.0,ASX 101-200,Group 1
REH,Reece Ltd,15000000000.0,ASX 101-200,Group 1
RRL,Regis Resources Ltd,3300000000.0,ASX 101-200,Group 1
REG,Regis Healthcare Ltd,2100000000.0,ASX 101-200,Group 1
SKI,Spark Infrastructure Group,2000000000.0,ASX 101-200,Group 1
SDF,Steadfast Group Ltd,6800000000.0,ASX 101-200,Group 1
SVW,Seven Group Holdings Ltd,19000000000.0,ASX 101-200,Group 1
SFR,Sandfire Resources Ltd,8300000000.0,ASX 101-200,Group 1
SEK,Seek Ltd,9800000000.0,ASX 101-200,Group 1
SYD,Sydney Airport,2000000000.0,ASX 101-200,Group 1
TAH,Tabcorp Holdings Ltd,2700000000.0,ASX 101-200,Group 1
TWE,Treasury Wine Estates Ltd,10000000000.0,ASX 101-200,Group 1
TYR,Tyro Payments Ltd,2200000000.0,ASX 101-200,Group 1
UNI,Universal Store Holdings Ltd,1900000000.0,ASX 101-200,Group 1
VEA,Viva Energy Group Ltd,5000000000.0,ASX 101-200,Group 1
WAM,WAM Capital Ltd,2000000000.0,ASX 101-200,Group 1
WEB,Webjet Group Ltd,3600000000.0,ASX 101-200,Group 1
WPR,Waypoint REIT,2500000000.0,ASX 101-200,Group 1
ZIP,Zip Co Ltd,4500000000.0,ASX 101-200,Group 1
CQE,Charter Hall Social Infrastructure REIT,2000000000.0,ASX 101-200,Group 1
CLW,Charter Hall Long WALE REIT,3400000000.0,ASX 101-200,Group 1
CMW,Cromwell Property Group,2000000000.0,ASX 101-200,Group 1
CNU,Chorus Ltd,2600000000.0,ASX 101-200,Group 1
CNI,Centuria Industrial REIT,2000000000.0,ASX 101-200,Group 1
COF,Centuria Office REIT,2000000000.0,ASX 101-200,Group 1
CIA,Champion Iron Ltd,4500000000.0,ASX 101-200,Group 1
CAI,Calidus Resources Ltd,2000000000.0,ASX 101-200,Group 1
CIL,CI Resources Ltd,2000000000.0,ASX 101-200,Group 1
SBM,St Barbara Ltd,2000000000.0,ASX 101-200,Group 1
SCP,Shopping Centres Australasia Property Group,3200000000.0,ASX 101-200,Group 1
SDR,Siteminder Ltd,2500000000.0,ASX 101-200,Group 1
SPK,Spark New Zealand Ltd,4900000000.0,ASX 101-200,Group 1
SLR,Silver Lake Resources Ltd,2200000000.0,ASX 101-200,Group 1
SM1,Synlait Milk Ltd,2000000000.0,ASX 101-200,Group 1
SUL,Super Retail Group Ltd,4500000000.0,ASX 101-200,Group 1
NSR,National Storage REIT,3400000000.0,ASX 101-200,Group 1
NIC,Nickel Industries Ltd,2400000000.0,ASX 101-200,Group 1
NTO,Nitro Software Ltd,2000000000.0,ASX 101-200,Group 1
OFX,OFX Group Ltd,2000000000.0,ASX 101-200,Group 1
OPT,Opthea Ltd,2000000000.0,ASX 101-200,Group 1
WGX,Westgold Resources Ltd,2600000000.0,ASX 101-200,Group 1
PBH,PointsBet Holdings Ltd,2000000000.0,ASX 101-200,Group 1
PXA,Pexa Group Ltd,3700000000.0,ASX 101-200,Group 1
RGN,Region Group,2800000000.0,ASX 101-200,Group 1
RWC,Reliance Worldwide Corporation Ltd,3700000000.0,ASX 101-200,Group 1
SRG,SRG Global Ltd,2000000000.0,ASX 101-200,Group 1
THL,Tourism Holdings Ltd,2000000000.0,ASX 101-200,Group 1
VNT,Ventia Services Group Ltd,4100000000.0,ASX 101-200,Group 1
A2M,A2 Milk Company Ltd,3700000000.0,ASX 101-200,Group 1
ABB,Aussie Broadband Ltd,2000000000.0,ASX 101-200,Group 1
ACF,Acrow Ltd,2000000000.0,ASX 101-200,Group 1
ACL,Australian Clinical Labs Ltd,2000000000.0,ASX 101-200,Group 1
AD8,Audinate Group Ltd,2000000000.0,ASX 101-200,Group 1
ADH,Adairs Ltd,2000000000.0,ASX 101-200,Group 1
A200,Betashares Australia 200 ETF,,ASX 201-300,Group 2
AAA,Betashares Australian High Interest Cash ETF,4990000000.0,ASX 201-300,Group 2
ABC,Adbri Ltd,,ASX 201-300,Group 2
ABP,Abacus Property Group,,ASX 201-300,Group 2
AIZ,Air New Zealand Ltd,1164082365.0,ASX 201-300,Group 2
ALU,Altium Ltd,,ASX 201-300,Group 2
APT,Afterpay Ltd,,ASX 201-300,Group 2
APX,Appen Ltd,297795496.0,ASX 201-300,Group 2
ARB,ARB Corporation Ltd,1527633006.0,ASX 201-300,Group 2
ARF,Arena REIT,1289033914.0,ASX 201-300,Group 2
AST,Ausnet Services Ltd,,ASX 201-300,Group 2
AVN,Aventus Group,,ASX 201-300,Group 2
AWC,Alumina Ltd,,ASX 201-300,Group 2
AX1,Accent Group Ltd,,ASX 201-300,Group 2
BAP,Bapcor Ltd,296010000.0,ASX 201-300,Group 2
BET,Betmakers Technology Group Ltd,196050000.0,ASX 201-300,Group 2
BGA,Bega Cheese Ltd,1660000000.0,ASX 201-300,Group 2
BIN,Bingo Industries Ltd,,ASX 201-300,Group 2
BKI,BKI Investment Company Ltd,,ASX 201-300,Group 2
BKL,Blackmores Ltd,,ASX 201-300,Group 2
BLD,Boral Ltd,,ASX 201-300,Group 2
BPT,Beach Energy Ltd,2450000000.0,ASX 201-300,Group 2
BRG,Breville Group Ltd,4270000000.0,ASX 201-300,Group 2
BRN,Brainchip Holdings Ltd,421030000.0,ASX 201-300,Group 2
BWP,BWP Trust,2980000000.0,ASX 201-300,Group 2
CCL,Coca-Cola Amatil Ltd,,ASX 201-300,Group 2
CCX,City Chic Collective Ltd,15790000.0,ASX 201-300,Group 2
CEN,Contact Energy Ltd,4270000000.0,ASX 201-300,Group 2
CGC,Costa Group Holdings Ltd,,ASX 201-300,Group 2
CHN,Chalice Mining Ltd,,ASX 201-300,Group 2
CIM,Cimic Group Ltd,,ASX 201-300,Group 2
CIP,Centuria Industrial REIT,1850000000.0,ASX 201-300,Group 2
CKF,Collins Foods Ltd,,ASX 201-300,Group 2
CQR,Charter Hall Retail REIT,2170000000.0,ASX 201-300,Group 2
CRN,Coronado Global Resources Inc,461020000.0,ASX 201-300,Group 2
CSR,CSR Ltd,,ASX 201-300,Group 2
CUV,Clinuvel Pharmaceuticals Ltd,446790000.0,ASX 201-300,Group 2
CWN,Crown Resorts Ltd,,ASX 201-300,Group 2
DEG,De Grey Mining Ltd,,ASX 201-300,Group 2
DHG,Domain Holdings Australia Ltd,,ASX 201-300,Group 2
DMP,Domino's Pizza Enterprises Ltd,1480000000.0,ASX 201-300,Group 2
DTL,Data#3 Ltd,1480000000.0,ASX 201-300,Group 2
DUI,Diversified United Investment Ltd,,ASX 201-300,Group 2
EML,EML Payments Ltd,141860000.0,ASX 201-300,Group 2
ETHI,Betashares Global Sustainability Leaders ETF,3720000000.0,ASX 201-300,Group 2
EVT,Event Hospitality and Entertainment Ltd,1990000000.0,ASX 201-300,Group 2
FAIR,Betashares Australian Sustainability Leaders ETF,,ASX 201-300,Group 2
FBU,Fletcher Building Ltd,2840000000.0,ASX 201-300,Group 2
GMA,Genworth Mortgage Insurance Australia Ltd,,ASX 201-300,Group 2
GNC,Graincorp Ltd,,ASX 201-300,Group 2
GNE,Genesis Energy Ltd,2740000000.0,ASX 201-300,Group 2
GOLD,ETFs Metal Securities Australia Ltd,5760000000.0,ASX 201-300,Group 2
GOR,Gold Road Resources Ltd,,ASX 201-300,Group 2
GOZ,Growthpoint Properties Australia,1610000000.0,ASX 201-300,Group 2
GUD,G.U.D. Holdings Ltd,,ASX 201-300,Group 2
GXY,Galaxy Resources Ltd,,ASX 201-300,Group 2
HBRD,Betashares Active Australian Hybrids Fund (Managed Fund),2500000000.0,ASX 201-300,Group 2
HGH,Heartland Group Holdings Ltd,,ASX 201-300,Group 2
HM1,Hearts and Minds Investments Ltd,645730000.0,ASX 201-300,Group 2
HTA,Hutchison Telecommunications (Australia) Ltd,,ASX 201-300,Group 2
HYGG,Hyperion GBL Growth Companies Fund (Managed Fund),3620000000.0,ASX 201-300,Group 2
IAF,iShares Core Composite Bond ETF,3610000000.0,ASX 201-300,Group 2
IDX,Integral Diagnostics Ltd,,ASX 201-300,Group 2
IEL,IDP Education Ltd,,ASX 201-300,Group 2
IEM,iShares MSCI Emerging Markets ETF,1770000000.0,ASX 201-300,Group 2
INA,Ingenia Communities Group,1540000000.0,ASX 201-300,Group 2
IOO,iShares Global 100 ETF,5690000000.0,ASX 201-300,Group 2
IOZ,iShares Core S&P/ASX 200 ETF,,ASX 201-300,Group 2
IPH,IPH Ltd,,ASX 201-300,Group 2
IRE,Iress Ltd,,ASX 201-300,Group 2
ISX,iSignthis Ltd,,ASX 201-300,Group 2
IVV,iShares S&P 500 ETF,13450000000.0,ASX 201-300,Group 2
KGN,Kogan.com Ltd,,ASX 201-300,Group 2
LEP,ALE Property Group,,ASX 201-300,Group 2
LFG,Liberty Financial Group,,ASX 201-300,Group 2
LNK,Link Administration Holdings Ltd,,ASX 201-300,Group 2
LOV,Lovisa Holdings Ltd,2320000000.0,ASX 201-300,Group 2
LSF,L1 Long Short Fund Ltd,2830000000.0,ASX 201-300,Group 2
MFG,Magellan Financial Group Ltd,1660000000.0,ASX 201-300,Group 2
MGF,Magellan Global Fund,,ASX 201-300,Group 2
MGH,Maas Group Holdings Ltd,1920000000.0,ASX 201-300,Group 2
MGOC,Magellan Global Fund (Open Class) (Managed Fund),,ASX 201-300,Group 2
MGX,Mount Gibson Iron Ltd,,ASX 201-300,Group 2
MLT,Milton Corporation Ltd,,ASX 201-300,Group 2
MVW,VanEck Vectors Australian Equal Weight ETF,3200000000.0,ASX 201-300,Group 2
NAN,Nanosonics Ltd,,ASX 201-300,Group 2
NCM,Newcrest Mining Ltd,,ASX 201-300,Group 2
NDQ,Betashares Nasdaq 100 ETF,,ASX 201-300,Group 2
NEA,Nearmap Ltd,,ASX 201-300,Group 2
NEC,Nine Entertainment Co. Holdings Ltd,1460000000.0,ASX 201-300,Group 2
NHC,New Hope Corporation Ltd,5160000000.0,ASX 201-300,Group 2
NUF,Nufarm Ltd,,ASX 201-300,Group 2
NWH,NRW Holdings Ltd,3250000000.0,ASX 201-300,Group 2
NWS,News Corporation,1730000000.0,ASX 201-300,Group 2
NXL,Nuix Ltd,,ASX 201-300,Group 2
OBL,Omni Bridgeway Ltd,,ASX 201-300,Group 2
OCL,Objective Corporation Ltd,,ASX 201-300,Group 2
OML,oOh!Media Ltd,,ASX 201-300,Group 2
ORE,Orocobre Ltd,,ASX 201-300,Group 2
OZL,OZ Minerals Ltd,,ASX 201-300,Group 2
PDL,Pendal Group Ltd,,ASX 201-300,Group 2
PGH,Pact Group Holdings Ltd,,ASX 201-300,Group 2
PLL,Piedmont Lithium Ltd,,ASX 201-300,Group 2
PMGOLD,Perth Mint Gold,19650000000.0,ASX 201-300,Group 2
PNV,PolyNovo Ltd,,ASX 201-300,Group 2
PPH,Pushpay Holdings Ltd,,ASX 201-300,Group 2
PSI,PSC Insurance Group Ltd,,ASX 201-300,Group 2
QUAL,VanEck Vectors MSCI World Ex Australia Quality ETF,,ASX 201-300,Group 2
RBD,Restaurant Brands New Zealand Ltd,,ASX 201-300,Group 2
RBL,Redbubble Ltd,,ASX 201-300,Group 2
RMC,Resimac Group Ltd,332240000.0,ASX 201-300,Group 2
SGR,The Star Entertainment Group Ltd,663620000.0,ASX 201-300,Group 2
SIQ,Smartgroup Corporation Ltd,1630000000.0,ASX 201-300,Group 2
SKC,SkyCity Entertainment Group Ltd,452250000.0,ASX 201-300,Group 2
SLK,SeaLink Travel Group Ltd,,ASX 201-300,Group 2
SNZ,Summerset Group Holdings Ltd,1660000000.0,ASX 201-300,Group 2
STW,SPDR S&P/ASX 200 Fund,,ASX 201-300,Group 2
TLT,Tilt Renewables Ltd,,ASX 201-300,Group 2
TLX,Telix Pharmaceuticals Ltd,4540000000.0,ASX 201-300,Group 2
TPW,Temple & Webster Group Ltd,,ASX 201-300,Group 2
UMG,United Malt Group Ltd,,ASX 201-300,Group 2
URW,Unibail-Rodamco-Westfield,,ASX 201-300,Group 2
UWL,Uniti Group Ltd,,ASX 201-300,Group 2
VAF,Vanguard Australian Fixed Interest Index ETF,3620000000.0,ASX 201-300,Group 2
VAP,Vanguard Australian Property Securities Index ETF,3000000000.0,ASX 201-300,Group 2
VAS,Vanguard Australian Shares Index ETF,25150000000.0,ASX 201-300,Group 2
VEU,Vanguard All-World Ex-US Shares Index ETF,5840000000.0,ASX 201-300,Group 2
VGAD,Vanguard MSCI Index International Shares (Hedged) ETF,,ASX 201-300,Group 2
VGS,Vanguard MSCI Index International Shares ETF,16380000000.0,ASX 201-300,Group 2
VHY,Vanguard Australian Shares High Yield ETF,,ASX 201-300,Group 2
VOC,Vocus Group Ltd,,ASX 201-300,Group 2
VTS,Vanguard US Total Market Shares Index ETF,,ASX 201-300,Group 2
VUK,Virgin Money UK Plc,,ASX 201-300,Group 2
WLE,WAM Leaders Ltd,1810000000.0,ASX 201-300,Group 2
WPL,Woodside Petroleum Ltd,,ASX 201-300,Group 2
Z1P,Zip Co Ltd,,ASX 201-300,Group 2
ZEL,Z Energy Ltd,,ASX 201-300,Group 2
ZIM,Zimplats Holdings Ltd,1700000000.0,ASX 201-300,Group 2
AGN,Argenica Therapeutics Ltd,14772522.0,ASX 300+,Unclassified
AGR,Aguia Resources Ltd,40018288.0,ASX 300+,Unclassified
AGVT,Betashares Australian Government Bond ETF,1124808448.0,ASX 300+,Group 2
AGX1,Antipodes Global Value Active ETF,384088310.0,ASX 300+,Group 2
AGY,Argosy Minerals Ltd,87977273.0,ASX 300+,Group 3
AHC,Austco Healthcare Ltd,82445282.0,ASX 300+,Group 3
AHE,Adheris Health Ltd,12115860.0,ASX 300+,Unclassified
AHF,Australian Dairy Nutritionals Ltd,14173763.0,ASX 300+,Unclassified
AHK,Ark Mines Ltd,23871619.0,ASX 300+,Unclassified
AHL,Adrad Holdings Ltd,111816865.0,ASX 300+,Group 3
AHN,Athena Resources Ltd,11329728.0,ASX 300+,Unclassified
AI1,Adisyn Ltd,172140789.0,ASX 300+,Group 3
AIH,Advanced Innergy Holdings Ltd,327316285.0,ASX 300+,Group 2
AII,Almonty Industries Inc,111731446.0,ASX 300+,Group 3
AIM,Ai-Media Technologies Ltd,45048558.0,ASX 300+,Unclassified
AINF,Global X Ai Infrastructure ETF,142126650.0,ASX 300+,Group 3
AIQ,Alternative Investment Trust,83912952.0,ASX 300+,Group 3
AIS,Aeris Resources Ltd,460909981.0,ASX 300+,Group 2
AIV,Activex Ltd,7812887.0,ASX 300+,Unclassified
AJL,AJ Lucas Group Ltd,12381567.0,ASX 300+,Unclassified
AJX,Alexium International Group Ltd,21894495.0,ASX 300+,Unclassified
AKA,Aureka Ltd,15832771.0,ASX 300+,Unclassified
AKG,Academies Australasia Group Ltd,13924519.0,ASX 300+,Unclassified
AKM,Aspire Mining Ltd,109141952.0,ASX 300+,Group 3
AKN,Auking Mining Ltd,44619125.0,ASX 300+,Unclassified
AKO,Akora Resources Ltd,13954302.0,ASX 300+,Unclassified
AL3,AML3D Ltd,83479287.0,ASX 300+,Group 3
ALA,Arovella Therapeutics Ltd,80988506.0,ASX 300+,Group 3
ALB,Albion Resources Ltd,7549533.0,ASX 300+,Unclassified
ALC,Alcidion Group Ltd,134355876.0,ASX 300+,Group 3
ALFA,Vaneck Australian Long Short Complex ETF,32188516.0,ASX 300+,Unclassified
ALI,Argo Global Listed Infrastructure Ltd,436289128.0,ASX 300+,Group 2
ALM,Alma Metals Ltd,36442439.0,ASX 300+,Unclassified
ALPH,Schroder Global Equity Alpha Fund - Active ETF,9552765.0,ASX 300+,Unclassified
ALR,Altair Minerals Ltd,216602732.0,ASX 300+,Group 3
ALTB,iShares 15+ Year Australian Government Bond ETF,184691778.0,ASX 300+,Group 3
ALV,Alvo Minerals Ltd,9430125.0,ASX 300+,Unclassified
ALY,Alchemy Resources Ltd,9504610.0,ASX 300+,Unclassified
AM3,Amara Minerals Ltd,13333273.0,ASX 300+,Unclassified
AM5,Antares Metals Ltd,5992720.0,ASX 300+,Unclassified
AM7,Arcadia Minerals Ltd,6619172.0,ASX 300+,Unclassified
AMA,AMA Group Ltd,214260241.0,ASX 300+,Group 3
AMD,Arrow Minerals Ltd,6052600.0,ASX 300+,Unclassified
AMH,Amcil Ltd,282009777.0,ASX 300+,Group 3
AMI,Aurelia Metals Ltd,474152513.0,ASX 300+,Group 2
AMN,Agrimin Ltd,23395767.0,ASX 300+,Unclassified
AMO,Ambertech Ltd,10494526.0,ASX 300+,Unclassified
AMS,Atomos Ltd,20093602.0,ASX 300+,Unclassified
AMU,American Uranium Ltd,10991967.0,ASX 300+,Unclassified
AMX,Aerometrex Ltd,25409996.0,ASX 300+,Unclassified
AN1,Anagenics Ltd,6898156.0,ASX 300+,Unclassified
AN3PI,Australia and New Zealand Banking Group Ltd,1529250000.0,ASX 300+,Group 2
AN3PJ,Australia and New Zealand Banking Group Ltd,1338034000.0,ASX 300+,Group 2
AN3PK,Australia and New Zealand Banking Group Ltd,1537050000.0,ASX 300+,Group 2
AN3PL,Australia and New Zealand Banking Group Ltd,1764260000.0,ASX 300+,Group 2
ANG,Austin Engineering Ltd,109044403.0,ASX 300+,Group 3
ANO,Advance Zinctek Ltd,50116886.0,ASX 300+,Group 3
ANR,Anatara Lifesciences Ltd,3159508.0,ASX 300+,Unclassified
ANX,ANAX Metals Ltd,53222520.0,ASX 300+,Group 3
AOA,Ausmon Resources Ltd,2028920.0,ASX 300+,Unclassified
AOF,Australian Unity Office Fund,59999955.0,ASX 300+,Group 3
AOK,Australian Oil Company Ltd,5679985.0,ASX 300+,Unclassified
AON,Apollo Minerals Ltd,77762435.0,ASX 300+,Group 3
AOV,Amotiv Ltd,808453770.0,ASX 300+,Group 2
APC,APC Minerals Ltd,8075385.0,ASX 300+,Unclassified
APL,Associate Global Partners Ltd,17262728.0,ASX 300+,Unclassified
APW,Aims Property Securities Fund,153145646.0,ASX 300+,Group 3
APZ,Aspen Group,1067750881.0,ASX 300+,Group 2
AQC,Australian Pacific Coal Ltd,4553039.0,ASX 300+,Unclassified
AQD,Ausquest Ltd,75035384.0,ASX 300+,Group 3
AQI,Alicanto Minerals Ltd,277319956.0,ASX 300+,Group 3
AQLT,Betashares Australian Quality ETF,1210616154.0,ASX 300+,Group 2
AQN,Aquirian Ltd,53477079.0,ASX 300+,Group 3
AQTY,Vaneck MSCI Australian Quality Plus ETF,30297093.0,ASX 300+,Unclassified
AQX,Alice QUEEN Ltd,15398119.0,ASX 300+,Unclassified
AQZ,Alliance Aviation Services Ltd,82141032.0,ASX 300+,Group 3
AR1,Austral Resources Australia Ltd,209582190.0,ASX 300+,Group 3
AR3,Australian Rare EARTHS Ltd,26832099.0,ASX 300+,Unclassified
AR9,Archtis Ltd,44431305.0,ASX 300+,Unclassified
ARA,Ariadne Australia Ltd,92794571.0,ASX 300+,Group 3
ARC,ARC Funds Ltd,5235349.0,ASX 300+,Unclassified
ARD,Argent Minerals Ltd,39134541.0,ASX 300+,Unclassified
ARI,Arika Resources Ltd,29607602.0,ASX 300+,Unclassified
DGCE,Dimensional Global Core Equity Trust Unhedged - Active ETF,5320000000.0,ASX 300+,Group 1
V1AC,Vinva Global Alpha Fund - Active ETF,4660000000.0,ASX 300+,Group 1
BGBL,Betashares Global Shares ETF,4360000000.0,ASX 300+,Group 1
VBND,Vanguard Global Aggregate Bond INDEX (Hedged) ETF,4240000000.0,ASX 300+,Group 1
VAU,Vault Minerals Ltd,4150000000.0,ASX 300+,Group 1
DFGH,Dimensional Global Core Equity Trust Aud Hedged - Active ETF,4140000000.0,ASX 300+,Group 1
IHVV,iShares S&P 500 Aud Hedged ETF,3910000000.0,ASX 300+,Group 1
BFL,BSP Financial Group Ltd,3850000000.0,ASX 300+,Group 1
VDHG,Vanguard Diversified High Growth INDEX ETF,3850000000.0,ASX 300+,Group 1
PDI,Predictive Discovery Ltd,3820000000.0,ASX 300+,Group 1
SUBD,Vaneck Australian Subordinated Debt ETF,3690000000.0,ASX 300+,Group 1
XYZ,"Block, Inc",3620000000.0,ASX 300+,Group 1
WAF,West African Resources Ltd,3430000000.0,ASX 300+,Group 1
CSC,Capstone Copper Corp,2860000000.0,ASX 300+,Group 1
L1G,L1 Group Ltd,2620000000.0,ASX 300+,Group 1
HDN,Homeco Daily Needs REIT,2580000000.0,ASX 300+,Group 1
HGBL,Betashares Global Shares Currency Hedged ETF,2580000000.0,ASX 300+,Group 1
QHAL,Vaneck MSCI International Quality (Aud Hedged) ETF,2500000000.0,ASX 300+,Group 1
SMR,Stanmore Resources Ltd,2490000000.0,ASX 300+,Group 1
NABPH,National Australia Bank Ltd,2440000000.0,ASX 300+,Group 1
OBM,Ora Banda Mining Ltd,2330000000.0,ASX 300+,Group 1
RSG,Resolute Mining Ltd,2300000000.0,ASX 300+,Group 1
RCAP,Resolution Cap Global Prop Sec Fund - Active ETF,2150000000.0,ASX 300+,Group 1
TEA,Tasmea Ltd,2140000000.0,ASX 300+,Group 1
GNP,Genusplus Group Ltd,2110000000.0,ASX 300+,Group 1
IFRA,Vaneck Ftse Global Infrastructure (Aud Hedged) ETF,2110000000.0,ASX 300+,Group 1
VGN,Virgin Australia Holdings Ltd,2080000000.0,ASX 300+,Group 1
NABPI,National Australia Bank Ltd,2080000000.0,ASX 300+,Group 1
QPON,Betashares Australian Bank Senior Floating Rate Bond ETF,2060000000.0,ASX 300+,Group 1
MAH,Macmahon Holdings Ltd,2000000000.0,ASX 300+,Group 1
NXG,Nexgen Energy (Canada) Ltd,2000000000.0,ASX 300+,Group 1
IMD,IMDEX Ltd,2000000000.0,ASX 300+,Group 1
BGL,Bellevue Gold Ltd,1990000000.0,ASX 300+,Group 2
SRL,Sunrise Energy Metals Ltd,1980000000.0,ASX 300+,Group 2
FRW,Freightways Group Ltd,1970000000.0,ASX 300+,Group 2
RDX,REDOX Ltd,1930000000.0,ASX 300+,Group 2
VGE,Vanguard Ftse Emerging Markets Shares ETF,1910000000.0,ASX 300+,Group 2
GYG,Guzman Y GOMEZ Ltd,1900000000.0,ASX 300+,Group 2
CBO,Cobram Estate Olives Ltd,1900000000.0,ASX 300+,Group 2
NABPF,National Australia Bank Ltd,1890000000.0,ASX 300+,Group 2
RYM,Ryman Healthcare Ltd,1890000000.0,ASX 300+,Group 2
SLC,Superloop Ltd,1880000000.0,ASX 300+,Group 2
WBCPM,Westpac Banking Corporation,1880000000.0,ASX 300+,Group 2
WBCPK,Westpac Banking Corporation,1820000000.0,ASX 300+,Group 2
CRED,Betashares Australian Investment Grade Corporate Bond ETF,1810000000.0,ASX 300+,Group 2
CBAPL,Commonwealth Bank of Australia,1800000000.0,ASX 300+,Group 2
CBAPK,Commonwealth Bank of Australia,1800000000.0,ASX 300+,Group 2
IPX,Iperionx Ltd,1780000000.0,ASX 300+,Group 2
WBCPJ,Westpac Banking Corporation,1770000000.0,ASX 300+,Group 2
ELS,Elsight Ltd,1760000000.0,ASX 300+,Group 2
GLF,Gemlife Communities Group,1750000000.0,ASX 300+,Group 2
MI6,Minerals 260 Ltd,1740000000.0,ASX 300+,Group 2
WBT,Weebit Nano Ltd,1720000000.0,ASX 300+,Group 2
FANG,Global X Fang+ ETF,1710000000.0,ASX 300+,Group 2
NEU,Neuren Pharmaceuticals Ltd,1700000000.0,ASX 300+,Group 2
ASB,Austal Ltd,1690000000.0,ASX 300+,Group 2
IAA,iShares Asia 50 ETF,1680000000.0,ASX 300+,Group 2
MAD,Mader Group Ltd,1670000000.0,ASX 300+,Group 2
CBAPI,Commonwealth Bank of Australia,1670000000.0,ASX 300+,Group 2
IWLD,iShares Core MSCI World Ex Australia Esg ETF,1660000000.0,ASX 300+,Group 2
GLIN,iShares Ftse GBL Infrastructure (Aud Hedged) ETF,1640000000.0,ASX 300+,Group 2
CBAPM,Commonwealth Bank of Australia,1620000000.0,ASX 300+,Group 2
GDG,Generation Development Group Ltd,1620000000.0,ASX 300+,Group 2
SLX,SILEX Systems Ltd,1610000000.0,ASX 300+,Group 2
JDO,Judo Capital Holdings Ltd,1610000000.0,ASX 300+,Group 2
QSML,Vaneck MSCI Intl Small Companies Quality ETF,1600000000.0,ASX 300+,Group 2
WBCPL,Westpac Banking Corporation,1580000000.0,ASX 300+,Group 2
VUL,Vulcan Energy Resources Ltd,1550000000.0,ASX 300+,Group 2
MQGPG,Macquarie Group Ltd,1540000000.0,ASX 300+,Group 2
ASIA,Betashares Asia Technology Tigers ETF,1530000000.0,ASX 300+,Group 2
HACK,Betashares Global Cybersecurity ETF,1530000000.0,ASX 300+,Group 2
SSM,Service Stream Ltd,1520000000.0,ASX 300+,Group 2
VESG,Vanguard Ethically Conscious International Shares INDEX ETF,1480000000.0,ASX 300+,Group 2
IJP,iShares MSCI Japan ETF,1470000000.0,ASX 300+,Group 2
FFM,Firefly Metals Ltd,1470000000.0,ASX 300+,Group 2
VDGR,Vanguard Diversified Growth INDEX ETF,1470000000.0,ASX 300+,Group 2
ETPMAG,Global X Metal Securities Australia Ltd,1470000000.0,ASX 300+,Group 2
LIN,Lindian Resources Ltd,1460000000.0,ASX 300+,Group 2
PGF,PM Capital Global Opportunities Fund Ltd,1440000000.0,ASX 300+,Group 2
DYL,Deep Yellow Ltd,1420000000.0,ASX 300+,Group 2
STN,Saturn Metals Ltd,284340000.0,ASX 300+,Group 3
TRE,Toubani Resources Ltd,283040000.0,ASX 300+,Group 3
MVB,Vaneck Australian Banks ETF,283000000.0,ASX 300+,Group 3
GHIF,Ausbil GBL Essential Infra Fund (HDG) - Active ETF,282940000.0,ASX 300+,Group 3
GHLD,Global X Gold Bullion (Currency Hedged) ETF,281520000.0,ASX 300+,Group 3
DIFF,Perpetual Diversified Income Active ETF,281330000.0,ASX 300+,Group 3
AS1,Asara Resources Ltd,280870000.0,ASX 300+,Group 3
SVL,Silver Mines Ltd,280740000.0,ASX 300+,Group 3
HUM,Humm Group Ltd,280230000.0,ASX 300+,Group 3
HVST,Betashares Australian Dividend Harvester Active ETF,279230000.0,ASX 300+,Group 3
MRE,Metrics Real Estate Multi-Strategy Fund,277090000.0,ASX 300+,Group 3
RHCPA,Ramsay Health Care Ltd,276640000.0,ASX 300+,Group 3
QHSM,Vaneck MSCI Intl SML Comp Quality (Aud Hedged) ETF,276440000.0,ASX 300+,Group 3
DFND,Vaneck Global Defence ETF,275260000.0,ASX 300+,Group 3
MVF,Monash Ivf Group Ltd,272740000.0,ASX 300+,Group 3
KOA,The Koala Company Ltd,271810000.0,ASX 300+,Group 3
RGB,Russell Investments Australian Government Bond ETF,269720000.0,ASX 300+,Group 3
NTU,Northern Minerals Ltd,267240000.0,ASX 300+,Group 3
SYR,Syrah Resources Ltd,267020000.0,ASX 300+,Group 3
FUEL,Betashares Global Energy Comp Currency Hedged ETF,265680000.0,ASX 300+,Group 3
BOQPF,Bank of Queensland Ltd,265200000.0,ASX 300+,Group 3
SVR,Solvar Ltd,264410000.0,ASX 300+,Group 3
GXAI,Global X Artificial Intelligence ETF,263970000.0,ASX 300+,Group 3
STK,Strickland Metals Ltd,263570000.0,ASX 300+,Group 3
GVF,Staude Capital Global Value Fund Ltd,263530000.0,ASX 300+,Group 3
XRF,XRF Scientific Ltd,261760000.0,ASX 300+,Group 3
UOS,United Overseas Australia Ltd,261620000.0,ASX 300+,Group 3
LF1,La Trobe Private Credit Fund,261450000.0,ASX 300+,Group 3
FTI,Fortifai Ltd,260760000.0,ASX 300+,Group 3
HQUS,Betashares S&P 500 EQUAL Weight Currency Hedged ETF,258020000.0,ASX 300+,Group 3
EGH,Eureka Group Holdings Ltd,257340000.0,ASX 300+,Group 3
PGC,Paragon Care Ltd,256570000.0,ASX 300+,Group 3
GG8,Gorilla Gold Mines Ltd,256430000.0,ASX 300+,Group 3
GCQF,GCQ Global Equities Complex ETF,253880000.0,ASX 300+,Group 3
WTM,Waratah Minerals Ltd,251990000.0,ASX 300+,Group 3
SLS,Solstice Minerals Ltd,250490000.0,ASX 300+,Group 3
MCM,MC Mining Ltd,249250000.0,ASX 300+,Group 3
TGM,Theta Gold Mines Ltd,248700000.0,ASX 300+,Group 3
MPW,Metal Powder Works Ltd,248640000.0,ASX 300+,Group 3
A11,Atlantic Lithium Ltd,248470000.0,ASX 300+,Group 3
SFC,Schaffer Corporation Ltd,245720000.0,ASX 300+,Group 3
SK1,Skinkandy Ltd,243430000.0,ASX 300+,Group 3
IHHY,iShares Global High Yield Bond (Aud Hedged) ETF,243430000.0,ASX 300+,Group 3
HAV,Havilah Resources Ltd,242470000.0,ASX 300+,Group 3
MCCL,Munro Climate Change Leaders Fund Active ETF,242330000.0,ASX 300+,Group 3
ESGI,Vaneck MSCI International Sustainable Equity ETF,240750000.0,ASX 300+,Group 3
PC2,PC Gold Ltd,238890000.0,ASX 300+,Group 3
KOV,Korvest Ltd,238310000.0,ASX 300+,Group 3
POL,Polymetals Resources Ltd,235230000.0,ASX 300+,Group 3
BCN,Beacon Minerals Ltd,235210000.0,ASX 300+,Group 3
NUGG,Vaneck Gold Bullion ETF,235150000.0,ASX 300+,Group 3
MRT,Maritana Minerals Ltd,234270000.0,ASX 300+,Group 3
ARMR,Betashares Global Defence ETF,234050000.0,ASX 300+,Group 3
CVC,CVC Ltd,233270000.0,ASX 300+,Group 3
PSC,Prospect Resources Ltd,232930000.0,ASX 300+,Group 3
AUE,Aurum Resources Ltd,232600000.0,ASX 300+,Group 3
ATR,Astron Ltd,232170000.0,ASX 300+,Group 3
NNWH,Nanuk New World Fund (Currency Hedged) Active ETF,230070000.0,ASX 300+,Group 3
VBTC,Vaneck Bitcoin ETF,230010000.0,ASX 300+,Group 3
BOC,Bougainville Copper Ltd,228610000.0,ASX 300+,Group 3
RIV,Rivco Australia Ltd,228260000.0,ASX 300+,Group 3
OOO,Betashares Crude Oil INDEX Currncy HDG Complex ETF,227580000.0,ASX 300+,Group 3
IMB,Intelligent Monitoring Group Ltd,227530000.0,ASX 300+,Group 3
PCX,Pengana Global Private Credit Trust,227320000.0,ASX 300+,Group 3
CAY,Canyon Resources Ltd,226830000.0,ASX 300+,Group 3
GRNV,Vaneck MSCI Australian Sustainable Equity ETF,225890000.0,ASX 300+,Group 3
MNRS,Betashares Global Gold Miners Currency Hedged ETF,225610000.0,ASX 300+,Group 3
SKY,SKY Metals Ltd,223270000.0,ASX 300+,Group 3
REP,Ram Essential Services Property Fund,222970000.0,ASX 300+,Group 3
HLO,Helloworld Travel Ltd,221790000.0,ASX 300+,Group 3
ARX,Aroa Biosurgery Ltd,221380000.0,ASX 300+,Group 3
BIS,Bisalloy Steel Group Ltd,220990000.0,ASX 300+,Group 3
CUP,Count Ltd,219710000.0,ASX 300+,Group 3
EWC,Energy World Corporation Ltd,219640000.0,ASX 300+,Group 3
CDM,Cadence Capital Ltd,218390000.0,ASX 300+,Group 3
ACE,Acusensus Ltd,218310000.0,ASX 300+,Group 3
NFNG,Nufarm Finance (NZ) Ltd,217840000.0,ASX 300+,Group 3
WAX,Wam Research Ltd,216340000.0,ASX 300+,Group 3
AAR,Astral Resources NL,216130000.0,ASX 300+,Group 3
ARR,American Rare EARTHS Ltd,214920000.0,ASX 300+,Group 3
LHGG,Lakehouse Global Growth Fund Active ETF,214590000.0,ASX 300+,Group 3
LEND,Vaneck GLBL Listed Private Credit (Aud Hedged) ETF,214070000.0,ASX 300+,Group 3
MM1,Midas Minerals Ltd,212350000.0,ASX 300+,Group 3
KGL,KGL Resources Ltd,212130000.0,ASX 300+,Group 3
WWI,West Wits Mining Ltd,210830000.0,ASX 300+,Group 3
BXN,Bioxyne Ltd,210530000.0,ASX 300+,Group 3
FEX,FENIX Resources Ltd,210360000.0,ASX 300+,Group 3
EZL,EUROZ Hartleys Group Ltd,210150000.0,ASX 300+,Group 3
CYM,Cyprium Metals Ltd,208110000.0,ASX 300+,Group 3
BM1,Ballard Mining Ltd,207310000.0,ASX 300+,Group 3
MTUM,Betashares Australian Momentum ETF,206950000.0,ASX 300+,Group 3
EGR,Ecograf Ltd,147700000.0,ASX 300+,Group 3
MPK,Many Peaks Minerals Ltd,147520000.0,ASX 300+,Group 3
RCE,Recce Pharmaceuticals Ltd,147480000.0,ASX 300+,Group 3
SND,Saunders International Ltd,146570000.0,ASX 300+,Group 3
PRG,PRL Global Ltd,145640000.0,ASX 300+,Group 3
WAA,Wam Active Ltd,145470000.0,ASX 300+,Group 3
GARP,Global X S&P World Ex Australia Garp ETF,145380000.0,ASX 300+,Group 3
DAOR,Aoris Int Fund (Class D) (Hedged) Active ETF,144750000.0,ASX 300+,Group 3
AUMF,iShares Edge MSCI Australia Multifactor ETF,143840000.0,ASX 300+,Group 3
RYD,Ryder Capital Ltd,143780000.0,ASX 300+,Group 3
BEMG,Betashares MSCI Emerging Markets Complex ETF,143290000.0,ASX 300+,Group 3
BTI,Bailador Technology Investments Ltd,141370000.0,ASX 300+,Group 3
OIL,Optiscan Imaging Ltd,140960000.0,ASX 300+,Group 3
AEM,Advanced Energy Minerals Ltd,140860000.0,ASX 300+,Group 3
BBUS,Betashares US EQY Strong Bear CCY H Complex ETF,140550000.0,ASX 300+,Group 3
PEX,Peel Mining Ltd,139960000.0,ASX 300+,Group 3
RND,Rand Mining Ltd,139350000.0,ASX 300+,Group 3
AEU,Atomic Eagle Ltd,139330000.0,ASX 300+,Group 3
BCK,Brockman Mining Ltd,139200000.0,ASX 300+,Group 3
IXI,iShares Global Consumer Staples ETF,139060000.0,ASX 300+,Group 3
SEC,Spheria Emerging Companies Ltd,139060000.0,ASX 300+,Group 3
VLS,Vita Life Sciences Ltd,138830000.0,ASX 300+,Group 3
ONE,Oneview Healthcare Plc,138470000.0,ASX 300+,Group 3
HQLT,Betashares Global Quality Leaders Currency Hedged ETF,138310000.0,ASX 300+,Group 3
RNU,Renascor Resources Ltd,137500000.0,ASX 300+,Group 3
TAM,Tanami Gold NL,137490000.0,ASX 300+,Group 3
ATOM,Global X Uranium ETF,137360000.0,ASX 300+,Group 3
LKE,Lake Resources N.L.,137170000.0,ASX 300+,Group 3
PLT,Plenti Group Ltd,136830000.0,ASX 300+,Group 3
FHNG,Global X Fang+ (Currency Hedged) ETF,136530000.0,ASX 300+,Group 3
MKR,Manuka Resources Ltd,136470000.0,ASX 300+,Group 3
DLI,Delta Lithium Ltd,136300000.0,ASX 300+,Group 3
SGI,Stealth Group Holdings Ltd,136100000.0,ASX 300+,Group 3
GL1,Global Lithium Resources Ltd,135630000.0,ASX 300+,Group 3
G50,G50 Corp Ltd,135340000.0,ASX 300+,Group 3
IVR,Investigator Silver Ltd,135280000.0,ASX 300+,Group 3
FDV,Frontier Digital Ventures Ltd,135080000.0,ASX 300+,Group 3
QGL,Quantum Graphite Ltd,134970000.0,ASX 300+,Group 3
DEV,DEVEX Resources Ltd,134920000.0,ASX 300+,Group 3
TKM,Trek Metals Ltd,134650000.0,ASX 300+,Group 3
BAOR,Aoris Int Fund (Class B) (Unhedged) Active ETF,133810000.0,ASX 300+,Group 3
ETPMPM,Global X Metal Securities Australia Ltd,133700000.0,ASX 300+,Group 3
LFSPB,Latitude Group Holdings Ltd,133300000.0,ASX 300+,Group 3
TLG,Talga Group Ltd,132840000.0,ASX 300+,Group 3
LPHD,Loftus Peak Global Disruption Hedged Active ETF,132150000.0,ASX 300+,Group 3
UTIP,Betashares Inflation Protected US TRSY Bond CH ETF,131100000.0,ASX 300+,Group 3
QFN,Betashares Australian Financials Sector ETF,131000000.0,ASX 300+,Group 3
PGL,Pilbara Gold Ltd,130880000.0,ASX 300+,Group 3
GSCF,Ausbil Global Smallcap Fund - Active ETF,130860000.0,ASX 300+,Group 3
KAU,Kaiser Reef Ltd,130140000.0,ASX 300+,Group 3
XMET,Betashares Energy Transition Metals ETF,129950000.0,ASX 300+,Group 3
MOGL,Montaka Global Fund - Active ETF,129710000.0,ASX 300+,Group 3
SOM,Somnomed Ltd,129260000.0,ASX 300+,Group 3
ENR,Encounter Resources Ltd,128650000.0,ASX 300+,Group 3
ISO,iShares S&P/ASX Small Ordinaries ETF,128200000.0,ASX 300+,Group 3
ACW,Actinogen Medical Ltd,128030000.0,ASX 300+,Group 3
LFT,Li-FT Power Ltd,127760000.0,ASX 300+,Group 3
BRI,Big River Industries Ltd,126220000.0,ASX 300+,Group 3
GPR,Geopacific Resources Ltd,125860000.0,ASX 300+,Group 3
MCGG,Munro Concentrated Global Growth Active ETF,124870000.0,ASX 300+,Group 3
CXU,Cauldron Energy Ltd,124260000.0,ASX 300+,Group 3
DTEC,Global X Defence Tech ETF,123740000.0,ASX 300+,Group 3
BRL,Bathurst Resources Ltd,123630000.0,ASX 300+,Group 3
LSX,Lion Selection Group Ltd,123190000.0,ASX 300+,Group 3
MHJ,Michael Hill International Ltd,123150000.0,ASX 300+,Group 3
GML,Gateway Mining Ltd,123110000.0,ASX 300+,Group 3
ETM,Energy Transition Minerals Ltd,123090000.0,ASX 300+,Group 3
EDU,EDU Holdings Ltd,120340000.0,ASX 300+,Group 3
LEVR,First Sentier Geared Australian Share Complex ETF,119680000.0,ASX 300+,Group 3
MEU,Marmota Ltd,119180000.0,ASX 300+,Group 3
SNC,Sandon Capital Investments Ltd,119110000.0,ASX 300+,Group 3
SRZ,Stellar Resources Ltd,118700000.0,ASX 300+,Group 3
NYR,Nyrada Inc,117770000.0,ASX 300+,Group 3
MMA,Maronan Metals Ltd,116280000.0,ASX 300+,Group 3
KLV,Klevo Rewards Ltd,115870000.0,ASX 300+,Group 3
HVLU,Vaneck MSCI International Value (Aud Hedged) ETF,115810000.0,ASX 300+,Group 3
FHE,Frontier Energy Ltd,115330000.0,ASX 300+,Group 3
V500,Vanguard S&P 500 US Shares INDEX ETF,114990000.0,ASX 300+,Group 3
GOW,Gowing Bros Ltd,114810000.0,ASX 300+,Group 3
SHJ,Shine Justice Ltd,114340000.0,ASX 300+,Group 3
EL8,Elevate Uranium Ltd,114160000.0,ASX 300+,Group 3
NZK,New Zealand King Salmon Investments Ltd,113020000.0,ASX 300+,Group 3
MLG,MLG OZ Ltd,112330000.0,ASX 300+,Group 3
NOL,Nobleoak Life Ltd,112100000.0,ASX 300+,Group 3
DZZF,Betashares Ethical Diversified High Growth ETF,111980000.0,ASX 300+,Group 3
ARL,Ardea Resources Ltd,110960000.0,ASX 300+,Group 3
CUF,Cufe Ltd,110530000.0,ASX 300+,Group 3
XX20,First Sentier Ex-20 Australian Share Active ETF,110340000.0,ASX 300+,Group 3
KMD,KMD Brands Ltd,109760000.0,ASX 300+,Group 3
AEE,Aura Energy Ltd,109720000.0,ASX 300+,Group 3
6KA,"6K Additive, Inc",109410000.0,ASX 300+,Group 3
BWN,Bhagwan Marine Ltd,109220000.0,ASX 300+,Group 3
CLU,Cluey Ltd,2501841.0,ASX 300+,Unclassified
CLV,Clover Corporation Ltd,154474390.0,ASX 300+,Group 3
CLX,Cti Logistics Ltd,157752564.0,ASX 300+,Group 3
CLZ,Classic Minerals Ltd,5509605.0,ASX 300+,Unclassified
CMA,Carma Ltd,96879165.0,ASX 300+,Group 3
CMB,Cambium Bio Ltd,11616065.0,ASX 300+,Unclassified
CMD,Cassius Mining Ltd,28122597.0,ASX 300+,Unclassified
CMG,Critical Minerals Group Ltd,9773904.0,ASX 300+,Unclassified
CML,Connected Minerals Ltd,17622605.0,ASX 300+,Unclassified
CMO,Cosmo Metals Ltd,7635397.0,ASX 300+,Unclassified
CMP,Compumedics Ltd,49940439.0,ASX 300+,Unclassified
CMX,CHEMX Materials Ltd,33545803.0,ASX 300+,Unclassified
CNB,Carnaby Resources Ltd,176716713.0,ASX 300+,Group 3
CND,Condor Energy Ltd,12736893.0,ASX 300+,Unclassified
CNEW,Vaneck China New Economy ETF,97569483.0,ASX 300+,Group 3
CNJ,Conico Ltd,5867883.0,ASX 300+,Unclassified
CNQ,Clean TEQ Water Ltd,48213580.0,ASX 300+,Unclassified
COB,Cobalt Blue Holdings Ltd,44647326.0,ASX 300+,Unclassified
COD,Coda Minerals Ltd,48645394.0,ASX 300+,Unclassified
COG,COG Financial Services Ltd,314577752.0,ASX 300+,Group 2
COI,Comet Ridge Ltd,155537034.0,ASX 300+,Group 3
COMP,Betashares Bloomberg Ausbond Composite ETF,5504400.0,ASX 300+,Unclassified
CORE,Schroder Global Core Fund - Active ETF,39420247.0,ASX 300+,Unclassified
COS,Cosol Ltd,39127591.0,ASX 300+,Unclassified
COV,Cleo Diagnostics Ltd,71298284.0,ASX 300+,Group 3
COY,Coppermoly Ltd,3530630.0,ASX 300+,Unclassified
CP8,Canadian Phosphate Ltd,60683092.0,ASX 300+,Group 3
CP8R,Canadian Phosphate Ltd,520141.0,ASX 300+,Unclassified
CPM,Cooper Metals Ltd,6170507.0,ASX 300+,Unclassified
CPN,Caspin Resources Ltd,26831333.0,ASX 300+,Unclassified
CPO,Culpeo Minerals Ltd,8727284.0,ASX 300+,Unclassified
CPPR,ETFs Global Pure Play Copper Miners ETF,1010000.0,ASX 300+,Unclassified
CPV,Clearvue Technologies Ltd,49164933.0,ASX 300+,Unclassified
CQT,Conneqt Health Ltd,18018949.0,ASX 300+,Unclassified
CR1,Constellation Resources Ltd,13667056.0,ASX 300+,Unclassified
CR3,Core Energy Minerals Ltd,5698821.0,ASX 300+,Unclassified
CR9,Corella Resources Ltd,15904398.0,ASX 300+,Unclassified
CRB,Carbine Resources Ltd,14302388.0,ASX 300+,Unclassified
CRD,Conrad Asia Energy Ltd,97775002.0,ASX 300+,Group 3
R3AL,Clearbridge Real Income Fund - Active ETF,464240000.0,ASX 300+,Group 2
JIN,Jumbo Interactive Ltd,462940000.0,ASX 300+,Group 2
PE1,Pengana Private Equity Trust,460130000.0,ASX 300+,Group 2
MMI,Metro Mining Ltd,459900000.0,ASX 300+,Group 2
AEL,Amplitude Energy Ltd,457320000.0,ASX 300+,Group 2
ESTX,Global X Euro STOXX 50 ETF,457250000.0,ASX 300+,Group 2
REV,Revolution Private Credit Income Trust,453320000.0,ASX 300+,Group 2
CDP,Carindale Property Trust,452570000.0,ASX 300+,Group 2
IESG,iShares Core MSCI Australia Esg ETF,452290000.0,ASX 300+,Group 2
L1IF,L1 Capital International (Unhedged) Active ETF,451270000.0,ASX 300+,Group 2
PIC,Perpetual Equity Investment Company Ltd,450760000.0,ASX 300+,Group 2
MEI,Meteoric Resources NL,450530000.0,ASX 300+,Group 2
BFG,Bell Financial Group Ltd,445830000.0,ASX 300+,Group 2
NMG,New Murchison Gold Ltd,445430000.0,ASX 300+,Group 2
VGL,Vista Group International Ltd,440290000.0,ASX 300+,Group 2
CGS,Cogstate Ltd,440000000.0,ASX 300+,Group 2
AFG,Australian Finance Group Ltd,437530000.0,ASX 300+,Group 2
29M,29METALS Ltd,437520000.0,ASX 300+,Group 2
AUC,Ausgold Ltd,435550000.0,ASX 300+,Group 2
SGQ,ST George Mining Ltd,434730000.0,ASX 300+,Group 2
OCA,Oceania Healthcare Ltd,434540000.0,ASX 300+,Group 2
INR,Ioneer Ltd,430450000.0,ASX 300+,Group 2
PMT,Pmet Resources Inc,428160000.0,ASX 300+,Group 2
TOK,Tolu Minerals Ltd,427620000.0,ASX 300+,Group 2
MYR,Myer Holdings Ltd,424030000.0,ASX 300+,Group 2
BTL,Beetaloo Energy Australia Ltd,421860000.0,ASX 300+,Group 2
F100,Betashares Ftse 100 ETF,420220000.0,ASX 300+,Group 2
ASUS,Ausbil Active Sustainable Equity Fund - Active ETF,419830000.0,ASX 300+,Group 2
RARI,Russell Investments Australian Responsible Investment ETF,417710000.0,ASX 300+,Group 2
AZY,Antipa Minerals Ltd,414350000.0,ASX 300+,Group 2
PFP,Propel Funeral Partners Ltd,413920000.0,ASX 300+,Group 2
KSC,K & S Corporation Ltd,413280000.0,ASX 300+,Group 2
SUNPI,Suncorp Group Ltd,411680000.0,ASX 300+,Group 2
BOQPG,Bank of Queensland Ltd,411600000.0,ASX 300+,Group 2
SPY,State Street SPDR S&P 500 ETF,410420000.0,ASX 300+,Group 2
GGUS,Betashares Geared US EQTY CCY Hedged Complex ETF,409460000.0,ASX 300+,Group 2
QMIX,State Street SPDR MSCI World Quality MIX ETF,407980000.0,ASX 300+,Group 2
EOL,Energy One Ltd,405320000.0,ASX 300+,Group 2
WXHG,State Street SPDR S&P World Ex Aus Carbon Aware (Hedged) ETF,404870000.0,ASX 300+,Group 2
MAET,Munro Global Growth Fund Complex ETF,402820000.0,ASX 300+,Group 2
RG8,Regal Asian Investments Ltd,401980000.0,ASX 300+,Group 2
SNAS,Global X Ultra Short Nasdaq 100 Complex ETF,61730000.0,ASX 300+,Group 3
BCA,Black Canyon Ltd,61620000.0,ASX 300+,Group 3
BIO,Biome Australia Ltd,61560000.0,ASX 300+,Group 3
KKO,Kinetiko Energy Ltd,61450000.0,ASX 300+,Group 3
RSM,Russell Investments Australian Semi-Government Bond ETF,61000000.0,ASX 300+,Group 3
GOAT,Vaneck Morningstar International Wide Moat ETF,60780000.0,ASX 300+,Group 3
IOV,Ion Video Ltd,60660000.0,ASX 300+,Group 3
SFIF,Seed Financial Income Fund Active ETF,60630000.0,ASX 300+,Group 3
CRI,Critica Ltd,60620000.0,ASX 300+,Group 3
EXP,Experience Co Ltd,60370000.0,ASX 300+,Group 3
PFG,Prime Financial Group Ltd,60320000.0,ASX 300+,Group 3
IFN,Infragreen Group Ltd,59460000.0,ASX 300+,Group 3
SHO,Sportshero Ltd,59180000.0,ASX 300+,Group 3
FFI,FFI Holdings Ltd,59100000.0,ASX 300+,Group 3
ATX,Amplia Therapeutics Ltd,59030000.0,ASX 300+,Group 3
LCY,Legacy Iron Ore Ltd,58570000.0,ASX 300+,Group 3
HAR,Haranga Resources Ltd,58090000.0,ASX 300+,Group 3
RZI,RAIZ Invest Ltd,57960000.0,ASX 300+,Group 3
BOT,Botanix Pharmaceuticals Ltd,57420000.0,ASX 300+,Group 3
GPEQ,Vaneck Global Listed Private Equity ETF,57110000.0,ASX 300+,Group 3
OZF,State Street SPDR S&P/ASX 200 Financials Ex A-REIT ETF,57110000.0,ASX 300+,Group 3
FMN,Famien Resources Ltd,57100000.0,ASX 300+,Group 3
AEG,Aland Equity Group Ltd,56920000.0,ASX 300+,Group 3
FEG,Far East Gold Ltd,56890000.0,ASX 300+,Group 3
MTC,Metalstech Ltd,56400000.0,ASX 300+,Group 3
FLN,Freelancer Ltd,56360000.0,ASX 300+,Group 3
FGR,First Graphene Ltd,56360000.0,ASX 300+,Group 3
USD,Betashares U.S. Dollar ETF,56010000.0,ASX 300+,Group 3
DBF,Duxton Farms Ltd,55710000.0,ASX 300+,Group 3
NGY,Nuenergy Gas Ltd,55650000.0,ASX 300+,Group 3
SWTZ,Switzer Dividend Growth Fund - Active ETF,55290000.0,ASX 300+,Group 3
KYP,Kinatico Ltd,54700000.0,ASX 300+,Group 3
14D,1414 Degrees Ltd,54650000.0,ASX 300+,Group 3
STM,Sunstone Metals Ltd,54530000.0,ASX 300+,Group 3
MAM,Microequities Asset Management Group Ltd,54410000.0,ASX 300+,Group 3
VMC,Venus Metals Corporation Ltd,54340000.0,ASX 300+,Group 3
PLY,Playside Studios Ltd,54180000.0,ASX 300+,Group 3
PGO,Pacgold Ltd,54110000.0,ASX 300+,Group 3
VR1,Vection Technologies Ltd,53900000.0,ASX 300+,Group 3
WWG,Wiseway Group Ltd,53370000.0,ASX 300+,Group 3
HGEN,Global X Hydrogen ETF,53310000.0,ASX 300+,Group 3
UBN,Urbanise.com Ltd,53270000.0,ASX 300+,Group 3
CZR,CZR Resources Ltd,52680000.0,ASX 300+,Group 3
GGBL,Betashares Wealthbuilder Global Geared Complex ETF,52600000.0,ASX 300+,Group 3
IRI,Integrated Research Ltd,52370000.0,ASX 300+,Group 3
ODY,Odyssey Gold Ltd,52270000.0,ASX 300+,Group 3
BLG,Bluglass Ltd,52250000.0,ASX 300+,Group 3
ENP,Entropy Neurodynamics Ltd,52220000.0,ASX 300+,Group 3
GTG,Genetic Technologies Ltd,52080000.0,ASX 300+,Group 3
TCF,360 Capital Mortgage REIT,52010000.0,ASX 300+,Group 3
ISLM,HEJAZ Equities Fund Active ETF,51940000.0,ASX 300+,Group 3
RDM,Red Metal Ltd,51930000.0,ASX 300+,Group 3
BPG,Black Pearl Group Ltd,51910000.0,ASX 300+,Group 3
FRM,Farm Pride Foods Ltd,51870000.0,ASX 300+,Group 3
NVU,Nanoveu Ltd,51860000.0,ASX 300+,Group 3
CKA,Cokal Ltd,51790000.0,ASX 300+,Group 3
CTE,Cryosite Ltd,51740000.0,ASX 300+,Group 3
MTH,Mithril Silver and Gold Ltd,51550000.0,ASX 300+,Group 3
SEN,Senetas Corporation Ltd,51390000.0,ASX 300+,Group 3
BOND,State Street SPDR S&P/ASX IBOXX Australian Bond ETF,50810000.0,ASX 300+,Group 3
SLVM,Global X Silver Miners ETF,50550000.0,ASX 300+,Group 3
AWJ,Auric Mining Ltd,50520000.0,ASX 300+,Group 3
SIO,Simonds Group Ltd,50390000.0,ASX 300+,Group 3
AW1,American West Metals Ltd,50380000.0,ASX 300+,Group 3
LSA,Lachlan Star Ltd,50160000.0,ASX 300+,Group 3
LMG,Latrobe Magnesium Ltd,50070000.0,ASX 300+,Group 3
CGUN,Claremont Global Fund Active ETF,49930000.0,ASX 300+,Unclassified
VTEK,Vanguard Global Technology INDEX ETF,49930000.0,ASX 300+,Unclassified
D3E,D3 Energy Ltd,49860000.0,ASX 300+,Unclassified
AVE,Avecho Biotechnology Ltd,49800000.0,ASX 300+,Unclassified
CCA,Change Financial Ltd,49710000.0,ASX 300+,Unclassified
WRLD,Betashares Managed Risk Global Shares Complex ETF,49450000.0,ASX 300+,Unclassified
L1HI,L1 Capital International (Hedged) Active ETF,49210000.0,ASX 300+,Unclassified
HLTH,Vaneck Global Healthcare Leaders ETF,49160000.0,ASX 300+,Unclassified
IHEB,iShares J.P. Morgan Usd Emerging Markets (Aud Hedged) ETF,49070000.0,ASX 300+,Unclassified
PXX,Polarx Ltd,49050000.0,ASX 300+,Unclassified
VNGS,Vaughan Nelson GLB Equity Smid Fund - Active ETF,48970000.0,ASX 300+,Unclassified
CTP,Central Petroleum Ltd,48930000.0,ASX 300+,Unclassified
XRG,Xreality Group Ltd,48890000.0,ASX 300+,Unclassified
DGGF,Betashares Ethical Diversified Growth ETF,48820000.0,ASX 300+,Unclassified
SHM,Shriro Holdings Ltd,48600000.0,ASX 300+,Unclassified
GCAP,Vaneck Bentham Global Capital Sec Active ETF,48500000.0,ASX 300+,Unclassified
AFA,Asf Group Ltd,48330000.0,ASX 300+,Unclassified
NUZ,Neurizon Therapeutics Ltd,48250000.0,ASX 300+,Unclassified
CC5,Clever Culture Systems Ltd,47950000.0,ASX 300+,Unclassified
VMT,Vmoto Ltd,47880000.0,ASX 300+,Unclassified
TZN,Terramin Australia Ltd,47750000.0,ASX 300+,Unclassified
AUZ,Australian Mines Ltd,47490000.0,ASX 300+,Unclassified
VBC,Verbrec Ltd,47450000.0,ASX 300+,Unclassified
CAE,Cannindah Resources Ltd,47250000.0,ASX 300+,Unclassified
NMR,Native Mineral Resources Holdings Ltd,47240000.0,ASX 300+,Unclassified
DN1,Dominion Income Trust 1,339860000.0,ASX 300+,Group 2
MEK,Meeka Metals Ltd,338780000.0,ASX 300+,Group 2
OMA,Omega Oil & Gas Ltd,334950000.0,ASX 300+,Group 2
IHCB,iShares Core Global Corporate Bond(Aud Hedged) ETF,334410000.0,ASX 300+,Group 2
ROBO,Global X Robo Global Robotics & Automation ETF,333850000.0,ASX 300+,Group 2
SPZ,Smart Parking Ltd,333710000.0,ASX 300+,Group 2
BLX,Beacon Lighting Group Ltd,331400000.0,ASX 300+,Group 2
MC2,Marimaca Copper Corp,330340000.0,ASX 300+,Group 2
RDV,Russell Investments High Dividend Australian Shares ETF,329040000.0,ASX 300+,Group 2
CEL,Challenger Gold Ltd,329030000.0,ASX 300+,Group 2
SMLL,Betashares Australian Small Companies Select ETF,328850000.0,ASX 300+,Group 2
GDI,GDI Property Group,326590000.0,ASX 300+,Group 2
MM8,Medallion Metals Ltd,326580000.0,ASX 300+,Group 2
URNM,Betashares Global Uranium ETF,326250000.0,ASX 300+,Group 2
PIA,Pengana International Equities Ltd,322220000.0,ASX 300+,Group 2
WMX,Wam Income Maximiser Ltd,320010000.0,ASX 300+,Group 2
RBTZ,Betashares Global Robotics and Artificial Intelligence ETF,315300000.0,ASX 300+,Group 2
PAC,Pacific Current Group Ltd,315300000.0,ASX 300+,Group 2
OZR,State Street SPDR S&P/ASX 200 Resources ETF,313580000.0,ASX 300+,Group 2
PAXX,Platinum Asia Fund Complex ETF,313560000.0,ASX 300+,Group 2
BENPI,Bendigo and Adelaide Bank Ltd,312750000.0,ASX 300+,Group 2
CTM,Centaurus Metals Ltd,311630000.0,ASX 300+,Group 2
GHHF,Betashares Wealthbuilder All GR Geared Complex ETF,311280000.0,ASX 300+,Group 2
PEB,Pacific Edge Ltd,310460000.0,ASX 300+,Group 2
3DA,Amaero Ltd,309830000.0,ASX 300+,Group 2
XALG,Alphinity Global Equity Fund - Active ETF,309180000.0,ASX 300+,Group 2
VLC,Vanguard MSCI Australian Large Companies INDEX ETF,306380000.0,ASX 300+,Group 2
DUG,DUG Technology Ltd,304860000.0,ASX 300+,Group 2
HCRD,Betashares Interest Rate Hedged Aus Corp Bond ETF,302670000.0,ASX 300+,Group 2
HJPN,Betashares Japan Currency Hedged ETF,300160000.0,ASX 300+,Group 2
OPPT,Magellan Global Opportunities Fund - Active ETF,299480000.0,ASX 300+,Group 3
CBE,Cobre Ltd,299200000.0,ASX 300+,Group 3
IACT,iShares U.S. Factor Rotation Active ETF,298860000.0,ASX 300+,Group 3
GRX,Greenx Metals Ltd,297320000.0,ASX 300+,Group 3
VDCO,Vanguard Diversified Conservative INDEX ETF,296410000.0,ASX 300+,Group 3
SPL,Starpharma Holdings Ltd,294650000.0,ASX 300+,Group 3
TBR,Tribune Resources Ltd,294350000.0,ASX 300+,Group 3
RHI,Red Hill Minerals Ltd,293530000.0,ASX 300+,Group 3
TGN,Tungsten Mining NL,293230000.0,ASX 300+,Group 3
UMAX,Betashares S&P 500 Yield Maximiser Complex ETF,290920000.0,ASX 300+,Group 3
FID,Fiducian Group Ltd,290420000.0,ASX 300+,Group 3
SXL,Southern Cross Media Group Ltd,287270000.0,ASX 300+,Group 3
WHI,Whitefield Income Ltd,286390000.0,ASX 300+,Group 3
EBND,Vaneck Emerging Income Opportunities Active ETF,285780000.0,ASX 300+,Group 3
PXR,Pacific Resources Ltd,3600000.0,ASX 300+,Unclassified
AXP,AXP Energy Ltd,3600000.0,ASX 300+,Unclassified
SBR,Sabre Resources Ltd,3590000.0,ASX 300+,Unclassified
EGA,Eastern Gas Corporation Ltd,3580000.0,ASX 300+,Unclassified
BBAB,Betashares Geared Short Aus GOV Bond Complex ETF,3530000.0,ASX 300+,Unclassified
CL8,CL8 Holdings Ltd,3490000.0,ASX 300+,Unclassified
KEY,KEY Petroleum Ltd,3460000.0,ASX 300+,Unclassified
T3MP,Jpmorgan Climate Change Solutions Active ETF,3460000.0,ASX 300+,Unclassified
29BB,Betashares 2029 Fixed Term Corp Bond Active ETF,3450000.0,ASX 300+,Unclassified
GLH,Global Health Ltd,3410000.0,ASX 300+,Unclassified
NRZ,Neurizer Ltd,3400000.0,ASX 300+,Unclassified
TEG,Triangle Energy (Global) Ltd,3330000.0,ASX 300+,Unclassified
EXL,Elixinol Wellness Ltd,3310000.0,ASX 300+,Unclassified
PPG,Pro-Pac Packaging Ltd,3270000.0,ASX 300+,Unclassified
SRN,Surefire Resources NL,3260000.0,ASX 300+,Unclassified
OLI,Oliver's Real Food Ltd,3240000.0,ASX 300+,Unclassified
BBFD,Betashares Geared Short US TR Bond CH Complex ETF,3240000.0,ASX 300+,Unclassified
HMND,Global X Humanoid Robotics ETF,3240000.0,ASX 300+,Unclassified
TD1,Tali Digital Ltd,3220000.0,ASX 300+,Unclassified
WNX,Wellnex Life Ltd,3210000.0,ASX 300+,Unclassified
YOW,Yowie Group Ltd,3210000.0,ASX 300+,Unclassified
UCM,Uscom Ltd,3120000.0,ASX 300+,Unclassified
M2M,MT Malcolm Mines NL,3100000.0,ASX 300+,Unclassified
RDS,Redstone Resources Ltd,3070000.0,ASX 300+,Unclassified
FSCF,First Sentier Active Cash Fund Active ETF,3000000.0,ASX 300+,Unclassified
VTA,Vita Resources NL,2990000.0,ASX 300+,Unclassified
RBR,RBR Group Ltd,2980000.0,ASX 300+,Unclassified
OEQ,Orion Equities Ltd,2970000.0,ASX 300+,Unclassified
CT1,Constellation Technologies Ltd,2950000.0,ASX 300+,Unclassified
KOR,Korab Resources Ltd,2940000.0,ASX 300+,Unclassified
BLZ,BLAZE Minerals Ltd,2930000.0,ASX 300+,Unclassified
OCT,Octava Minerals Ltd,2890000.0,ASX 300+,Unclassified
ID8,Identitii Ltd,2770000.0,ASX 300+,Unclassified
LRD,Lord Resources Ltd,2740000.0,ASX 300+,Unclassified
VHGR,Vaneck Diversified High Growth Active ETF,2740000.0,ASX 300+,Unclassified
IMLC,IML Concentrated Aus Share Fund - Active ETF,2700000.0,ASX 300+,Unclassified
ABE,Australian Bond Exchange Holdings Ltd,2600000.0,ASX 300+,Unclassified
WEL,Winchester Energy Ltd,2570000.0,ASX 300+,Unclassified
OLH,Oldfields Holdings Ltd,2560000.0,ASX 300+,Unclassified
PFM,Platformo Ltd,2470000.0,ASX 300+,Unclassified
SAN,Sagalio Energy Ltd,2460000.0,ASX 300+,Unclassified
PNT,Panther Metals Ltd,2450000.0,ASX 300+,Unclassified
BDCI,Muzinich BDC Income Fund - Active ETF,2340000.0,ASX 300+,Unclassified
PR2,Piche Resources Ltd,2320000.0,ASX 300+,Unclassified
CYQ,CYCLIQ Group Ltd,2300000.0,ASX 300+,Unclassified
OAK,Oakridge International Ltd,2270000.0,ASX 300+,Unclassified
GCR,Golden Cross Resources Ltd,2190000.0,ASX 300+,Unclassified
FUTR,Janus Henderson Global Sustainable EQ Active ETF,2180000.0,ASX 300+,Unclassified
GRPA,Global X S&P Australia Garp ETF,2050000.0,ASX 300+,Unclassified
FHCO,Fidelity Australian High Conviction Active ETF,1990000.0,ASX 300+,Unclassified
DMG,Dragon Mountain Gold Ltd,1970000.0,ASX 300+,Unclassified
TFL,Tasfoods Ltd,1940000.0,ASX 300+,Unclassified
ASAO,ABRDN Sust Asian Opportunities Active ETF,1900000.0,ASX 300+,Unclassified
AYM,Australia United Mining Ltd,1840000.0,ASX 300+,Unclassified
VGRO,Vaneck Diversified Growth Active ETF,1760000.0,ASX 300+,Unclassified
HPC,The Hydration Pharmaceuticals Company Ltd,1720000.0,ASX 300+,Unclassified
MPR,MPR Australia Ltd,1720000.0,ASX 300+,Unclassified
SPHX,Spheria Australian Smaller Companies Active ETF,1580000.0,ASX 300+,Unclassified
ULTB,iShares 20+ Year U.S. Treasury Bond (Hedged) ETF,1570000.0,ASX 300+,Unclassified
RLC,Reedy Lagoon Corporation Ltd,1550000.0,ASX 300+,Unclassified
BUY,Bounty Oil & Gas NL,1460000.0,ASX 300+,Unclassified
QUE,Queste Communications Ltd,1410000.0,ASX 300+,Unclassified
ATM,PT Antam (Persero) TBK,1360000.0,ASX 300+,Unclassified
VBAL,Vaneck Diversified Balanced Active ETF,1240000.0,ASX 300+,Unclassified
WNR,Wingara AG Ltd,1230000.0,ASX 300+,Unclassified
MQXS,Macquarie Global Small Companies Active ETF,1210000.0,ASX 300+,Unclassified
GHRP,Global X S&P World X Australia Garp (Hedged) ETF,1020000.0,ASX 300+,Unclassified
31BB,Betashares 2031 Fixed Term Corp Bond Active ETF,1010000.0,ASX 300+,Unclassified
BMH,Baumart Holdings Ltd,977850.0,ASX 300+,Unclassified
BEL,Bentley Capital Ltd,913540.0,ASX 300+,Unclassified
CHRCB,Charger Metals NL,839180.0,ASX 300+,Unclassified
MSG,MCS Services Ltd,792400.0,ASX 300+,Unclassified
AGGG,iShares Core Global Aggregate Bond (Aud HDG) ETF,790560.0,ASX 300+,Unclassified
VOLT,ETFs Global Lithium Miners ETF,648750.0,ASX 300+,Unclassified
HCF,H&G High Conviction Ltd,582190.0,ASX 300+,Unclassified
MEL,Metgasco Ltd,514390.0,ASX 300+,Unclassified
VRXR,VRX Silica Ltd,467420.0,ASX 300+,Unclassified
MSI,Multistack International Ltd,408910.0,ASX 300+,Unclassified
ICU,Investor Centre Ltd,304510.0,ASX 300+,Unclassified
ROAR,Lion Active ETF,199800.0,ASX 300+,Unclassified
CINPA,Carlton Investments Ltd,190850.0,ASX 300+,Unclassified
SSLPA,Sietel Ltd,75000.0,ASX 300+,Unclassified
BEOR,Beonic Ltd,37670.0,ASX 300+,Unclassified
WHFPA,Whitefield Industrials Ltd,23790.0,ASX 300+,Unclassified
OCC,Orthocell Ltd,206910000.0,ASX 300+,Group 3
CCV,Cash Converters International,206340000.0,ASX 300+,Group 3
CVN,Carnarvon Energy Ltd,205740000.0,ASX 300+,Group 3
EXR,Elixir Energy Ltd,205580000.0,ASX 300+,Group 3
BML,Boab Metals Ltd,205410000.0,ASX 300+,Group 3
MVS,Vaneck Small Companies Masters ETF,203340000.0,ASX 300+,Group 3
CRYP,Betashares CRYPTO Innovators ETF,203040000.0,ASX 300+,Group 3
AVR,Anteris Technologies Global Corp,202450000.0,ASX 300+,Group 3
TTM,Titan Minerals Ltd,201610000.0,ASX 300+,Group 3
BBN,Baby Bunting Group Ltd,201070000.0,ASX 300+,Group 3
TGF,Tribeca Global Natural Resources Ltd,198970000.0,ASX 300+,Group 3
HRN,Horizon Gold Ltd,198690000.0,ASX 300+,Group 3
VTM,Victory Metals Ltd,198670000.0,ASX 300+,Group 3
NVX,Novonix Ltd,198310000.0,ASX 300+,Group 3
WRK,WRKR Ltd,198050000.0,ASX 300+,Group 3
LAU,Lindsay Australia Ltd,197780000.0,ASX 300+,Group 3
ORN,Orion Minerals Ltd,197000000.0,ASX 300+,Group 3
WAR,Wam Strategic Value Ltd,196340000.0,ASX 300+,Group 3
ERM,Emmerson Resources Ltd,196320000.0,ASX 300+,Group 3
SET,Solaris Australian Equity Income Plus Ltd,195930000.0,ASX 300+,Group 3
FDR,Finder Energy Holdings Ltd,195210000.0,ASX 300+,Group 3
GBND,Betashares Global Green Bond Currency Hedged ETF,195090000.0,ASX 300+,Group 3
MYX,Mayne Pharma Group Ltd,194990000.0,ASX 300+,Group 3
BGD,Barton Gold Holdings Ltd,194160000.0,ASX 300+,Group 3
GSUS,Candriam Sustainable GBL Equity Fund - Active ETF,194010000.0,ASX 300+,Group 3
KIT,Kapstream Investment Trust,193730000.0,ASX 300+,Group 3
PEN,Peninsula Energy Ltd,193690000.0,ASX 300+,Group 3
LED,LDR Capital Property Fund,193330000.0,ASX 300+,Group 3
BKY,Berkeley Energia Ltd,191910000.0,ASX 300+,Group 3
WMA,Wam Alternative Assets Ltd,191520000.0,ASX 300+,Group 3
IKE,Ikegps Group Ltd,190230000.0,ASX 300+,Group 3
VFY,Vitrafy Life Sciences Ltd,189790000.0,ASX 300+,Group 3
FRI,Finbar Group Ltd,189130000.0,ASX 300+,Group 3
BANK,Global X Australian Bank Credit ETF,187550000.0,ASX 300+,Group 3
TOR,Torque Metals Ltd,187480000.0,ASX 300+,Group 3
FEMX,Fidelity Global Emerging Markets Active ETF,187470000.0,ASX 300+,Group 3
SS1,Sun Silver Ltd,184010000.0,ASX 300+,Group 3
BBOZ,Betashares Aus Equities Strong Bear Complex ETF,183240000.0,ASX 300+,Group 3
KPG,Kelly Partners Group Holdings Ltd,181100000.0,ASX 300+,Group 3
CEH,Coast Entertainment Holdings Ltd,180680000.0,ASX 300+,Group 3
B1SM,Bell Global Emerging Companies Class A Active ETF,180540000.0,ASX 300+,Group 3
WAT,Waterco Ltd,179770000.0,ASX 300+,Group 3
GRR,Grange Resources Ltd,179390000.0,ASX 300+,Group 3
ELT,Elementos Ltd,179020000.0,ASX 300+,Group 3
CAA,Capral Ltd,178720000.0,ASX 300+,Group 3
JYC,Joyce Corporation Ltd,177710000.0,ASX 300+,Group 3
TSO,Tesoro Gold Ltd,177210000.0,ASX 300+,Group 3
H100,Betashares Ftse 100 Currency Hedged ETF,18900000.0,ASX 300+,Unclassified
ARV,Artemis Resources Ltd,18850000.0,ASX 300+,Unclassified
ERL,Empire Resources Ltd,18780000.0,ASX 300+,Unclassified
GC1,Glennon Small Companies Ltd,18750000.0,ASX 300+,Unclassified
GT1,Green Technology Metals Ltd,18620000.0,ASX 300+,Unclassified
IAM,Income Asset Management Group Ltd,18620000.0,ASX 300+,Unclassified
CLA,Celsius Resources Ltd,18610000.0,ASX 300+,Unclassified
MAG,Magmatic Resources Ltd,18580000.0,ASX 300+,Unclassified
HPR,High Peak Royalties Ltd,18560000.0,ASX 300+,Unclassified
SKN,Skin Elements Ltd,18430000.0,ASX 300+,Unclassified
NIM,Nimy Resources Ltd,18380000.0,ASX 300+,Unclassified
DRIV,Betashares Electric Vehicles and FTR Mobility ETF,18370000.0,ASX 300+,Unclassified
LAT,Latitude 66 Ltd,18290000.0,ASX 300+,Unclassified
SGA,Sarytogan Graphite Ltd,18240000.0,ASX 300+,Unclassified
BSR,Bison Resources Ltd,18160000.0,ASX 300+,Unclassified
J100,Global X Japan TOPIX 100 ETF,18150000.0,ASX 300+,Unclassified
HWK,Hawk Resources Ltd,18110000.0,ASX 300+,Unclassified
KRM,Kingsrose Mining Ltd,18080000.0,ASX 300+,Unclassified
JAV,Javelin Minerals Ltd,18070000.0,ASX 300+,Unclassified
AA2,Ariana Resources Plc,17950000.0,ASX 300+,Unclassified
EMB,Embelton Ltd,17930000.0,ASX 300+,Unclassified
GUL,Gullewa Ltd,17890000.0,ASX 300+,Unclassified
SOR,Strategic Elements Ltd,17850000.0,ASX 300+,Unclassified
GRL,Godolphin Resources Ltd,17800000.0,ASX 300+,Unclassified
OSL,Oncosil Medical Ltd,17760000.0,ASX 300+,Unclassified
HIO,Hawsons Iron Ltd,17730000.0,ASX 300+,Unclassified
SUH,Southern Hemisphere Mining Ltd,17670000.0,ASX 300+,Unclassified
ABX,ABX Group Ltd,17620000.0,ASX 300+,Unclassified
MPX,Mustera Property Group Ltd,17620000.0,ASX 300+,Unclassified
ACU,Acumentis Group Ltd,17610000.0,ASX 300+,Unclassified
CLG,Close the Loop Ltd,17610000.0,ASX 300+,Unclassified
TSL,Titanium Sands Ltd,17590000.0,ASX 300+,Unclassified
HFR,Highfield Resources Ltd,17540000.0,ASX 300+,Unclassified
DWG,Dataworks Group Ltd,17520000.0,ASX 300+,Unclassified
LSR,Lodestar Minerals Ltd,17480000.0,ASX 300+,Unclassified
AVSV,Avantis Global Small Cap Value Active ETF,17450000.0,ASX 300+,Unclassified
PKP,Peak Processing Ltd,17410000.0,ASX 300+,Unclassified
IDA,Indiana Resources Ltd,17390000.0,ASX 300+,Unclassified
MCP,Mcpherson's Ltd,17270000.0,ASX 300+,Unclassified
V5AH,Vanguard S&P 500 US Shares INDEX (Hedged) ETF,17140000.0,ASX 300+,Unclassified
W2V,Way 2 Vat Ltd,17130000.0,ASX 300+,Unclassified
EME,Energy Metals Ltd,16980000.0,ASX 300+,Unclassified
REE,RAREX Ltd,16980000.0,ASX 300+,Unclassified
CF1,Complii Fintech Solutions Ltd,16890000.0,ASX 300+,Unclassified
RWL,Rubicon Water Ltd,16860000.0,ASX 300+,Unclassified
NACGA,Naos Ex-50 Opportunities Company Ltd,16800000.0,ASX 300+,Unclassified
CD2,CD Private Equity Fund Ii,16790000.0,ASX 300+,Unclassified
CXZ,Connexion Mobility Ltd,16730000.0,ASX 300+,Unclassified
SDV,Scidev Ltd,16730000.0,ASX 300+,Unclassified
BUX,Buxton Resources Ltd,16710000.0,ASX 300+,Unclassified
ETPMPD,Global X Metal Securities Australia Ltd,16680000.0,ASX 300+,Unclassified
SPA,Spacetalk Ltd,16590000.0,ASX 300+,Unclassified
BOA,BOA Resources Ltd,16570000.0,ASX 300+,Unclassified
SEQ,Sequoia Financial Group Ltd,16550000.0,ASX 300+,Unclassified
SSH,SSH Group Ltd,16530000.0,ASX 300+,Unclassified
TGH,Terragen Holdings Ltd,16460000.0,ASX 300+,Unclassified
TIA,Tian An Australia Ltd,16460000.0,ASX 300+,Unclassified
XRA,Xenora Minerals Ltd,16440000.0,ASX 300+,Unclassified
EPX,EPX Ltd,16430000.0,ASX 300+,Unclassified
ICR,Intelicare Holdings Ltd,16410000.0,ASX 300+,Unclassified
LMS,Litchfield Minerals Ltd,16380000.0,ASX 300+,Unclassified
FME,Future Metals NL,16290000.0,ASX 300+,Unclassified
BRU,Buru Energy Ltd,16250000.0,ASX 300+,Unclassified
AT1,Atomo Diagnostics Ltd,16240000.0,ASX 300+,Unclassified
GSS,Genetic Signatures Ltd,16130000.0,ASX 300+,Unclassified
RC1,Redcastle Resources Ltd,16080000.0,ASX 300+,Unclassified
TRM,Truscott Mining Corporation Ltd,16030000.0,ASX 300+,Unclassified
SNG,Siren Gold Ltd,15900000.0,ASX 300+,Unclassified
MDI,Middle Island Resources Ltd,15890000.0,ASX 300+,Unclassified
IDT,IDT Australia Ltd,15810000.0,ASX 300+,Unclassified
NTI,Neurotech International Ltd,15810000.0,ASX 300+,Unclassified
ADY,Admiralty Resources NL,15780000.0,ASX 300+,Unclassified
PEC,Perpetual Resources Ltd,15750000.0,ASX 300+,Unclassified
JAT,Jatcorp Ltd,15730000.0,ASX 300+,Unclassified
RMX,Red Mountain Mining Ltd,15660000.0,ASX 300+,Unclassified
MEM,Memphasys Ltd,15660000.0,ASX 300+,Unclassified
SIS,Simble Solutions Ltd,15530000.0,ASX 300+,Unclassified
USHY,Global X Usd High Yield Bond (Currency Hedged) ETF,15510000.0,ASX 300+,Unclassified
GWTH,Vaneck MSCI International Growth ETF,15500000.0,ASX 300+,Unclassified
LPM,Lithium Plus Minerals Ltd,15430000.0,ASX 300+,Unclassified
WIN,WIN Metals Ltd,15430000.0,ASX 300+,Unclassified
MQHG,Macquarie Core Global Equity (Hedged) Active ETF,15430000.0,ASX 300+,Unclassified
MLS,Metals Australia Ltd,15370000.0,ASX 300+,Unclassified
TAR,Taruga Minerals Ltd,15230000.0,ASX 300+,Unclassified
FL1,First Lithium Ltd,15210000.0,ASX 300+,Unclassified
RAP,Raptor Metals Ltd,15160000.0,ASX 300+,Unclassified
BLU,Blue Energy Ltd,15060000.0,ASX 300+,Unclassified
IND,Industrial Minerals Ltd,15050000.0,ASX 300+,Unclassified
KAO,Kaoko Metals Ltd,15030000.0,ASX 300+,Unclassified
FCT,Firstwave Cloud Technology Ltd,14890000.0,ASX 300+,Unclassified
OLL,Openlearning Ltd,14860000.0,ASX 300+,Unclassified
TMX,Terrain Minerals Ltd,14850000.0,ASX 300+,Unclassified
SFY,State Street SPDR S&P/ASX 50 ETF,701980000.0,ASX 300+,Group 2
DPM,DPM Metals Inc,694290000.0,ASX 300+,Group 2
BSUB,Betashares Aus Major Bank Subordinated Debt ETF,694160000.0,ASX 300+,Group 2
BMN,Bannerman Energy Ltd,693830000.0,ASX 300+,Group 2
LRV,Larvotto Resources Ltd,690340000.0,ASX 300+,Group 2
FGG,Future Generation Global Ltd,686780000.0,ASX 300+,Group 2
DUR,Duratec Ltd,681540000.0,ASX 300+,Group 2
MBLPD,Macquarie Bank Ltd,669840000.0,ASX 300+,Group 2
FRS,Forrestania Resources Ltd,667460000.0,ASX 300+,Group 2
KKC,KKR Credit Income Fund,661190000.0,ASX 300+,Group 2
BHYB,Betashares Australian Major Bank Hybrids INDEX ETF,660650000.0,ASX 300+,Group 2
SRV,Servcorp Ltd,656780000.0,ASX 300+,Group 2
YMAX,Betashares Aus Top 20 EQY Yield MAX Complex ETF,653980000.0,ASX 300+,Group 2
WTN,Winton Land Ltd,652550000.0,ASX 300+,Group 2
MBLPC,Macquarie Bank Ltd,646480000.0,ASX 300+,Group 2
TRA,Turners Automotive Group Ltd,645400000.0,ASX 300+,Group 2
EX20,Betashares Australian Ex-20 Portfolio Diversifier ETF,644910000.0,ASX 300+,Group 2
SYI,State Street SPDR MSCI Aus Select High Dividend Yield ETF,643900000.0,ASX 300+,Group 2
GLPR,iShares Ftse GBL Property Ex Aus (Aud Hedged) ETF,642920000.0,ASX 300+,Group 2
MQSD,Macquarie Subordinated Debt Active ETF,641460000.0,ASX 300+,Group 2
WC8,Wildcat Resources Ltd,637700000.0,ASX 300+,Group 2
GXLD,Global X Gold Bullion ETF,637650000.0,ASX 300+,Group 2
SGLLV,Ricegrowers Ltd,871418411.0,ASX 300+,Group 2
SHA,Shape Australia Corporation Ltd,533496371.0,ASX 300+,Group 2
SHE,Stonehorse Energy Ltd,7528786.0,ASX 300+,Unclassified
SHG,Singular Health Group Ltd,64932042.0,ASX 300+,Group 3
SHN,Sunshine Metals Ltd,101890631.0,ASX 300+,Group 3
SHV,Select Harvests Ltd,552798716.0,ASX 300+,Group 2
SIX,Sprintex Ltd,38618941.0,ASX 300+,Unclassified
SKK,Stakk Ltd,84259663.0,ASX 300+,Group 3
SKM,Skylark Minerals Ltd,32691722.0,ASX 300+,Unclassified
SKO,Serko Ltd,157043401.0,ASX 300+,Group 3
SKS,SKS Technologies Group Ltd,964499963.0,ASX 300+,Group 2
SKT,Sky Network Television Ltd,349694525.0,ASX 300+,Group 2
SLA,Solara Minerals Ltd,6515831.0,ASX 300+,Unclassified
SLB,Stelar Metals Ltd,10134853.0,ASX 300+,Unclassified
SLD,"Saluda Medical, Inc",107110119.0,ASX 300+,Group 3
SLF,State Street SPDR S&P/ASX 200 Listed Property ETF,496120013.0,ASX 300+,Group 2
SLM,Solis Minerals Ltd,35863656.0,ASX 300+,Unclassified
SLZ,Sultan Resources Ltd,5266458.0,ASX 300+,Unclassified
SMI,Santana Minerals Ltd,537239507.0,ASX 300+,Group 2
SMM,Somerset Minerals Ltd,9655036.0,ASX 300+,Unclassified
SMS,Star Minerals Ltd,10644393.0,ASX 300+,Unclassified
SMX,Strata Minerals Ltd,6399250.0,ASX 300+,Unclassified
SNL,Supply Network Ltd,1341055349.0,ASX 300+,Group 2
SNM,Sentinel Metals Ltd,37799891.0,ASX 300+,Unclassified
SNS,Sensen Networks Ltd,24897970.0,ASX 300+,Unclassified
SNT,Syntara Ltd,46924503.0,ASX 300+,Unclassified
SNX,Sierra Nevada Gold Inc,29578801.0,ASX 300+,Unclassified
SOC,Soco Corporation Ltd,6689044.0,ASX 300+,Unclassified
SOP,Synertec Corporation Ltd,13502695.0,ASX 300+,Unclassified
SP3,Spectur Ltd,4976800.0,ASX 300+,Unclassified
SP8,Streamplay Studio Ltd,13202107.0,ASX 300+,Unclassified
SPD,Southern Palladium Ltd,151516603.0,ASX 300+,Group 3
SPG,SPC Global Holdings Ltd,25587979.0,ASX 300+,Unclassified
SPN,Sparc Technologies Ltd,35794732.0,ASX 300+,Unclassified
SPQ,Superior Resources Ltd,13203354.0,ASX 300+,Unclassified
SQX,SQX Resources Ltd,4560000.0,ASX 300+,Unclassified
SRH,Saferoads Holdings Ltd,4291299.0,ASX 300+,Unclassified
SRJ,SRJ Technologies Group Plc,20186609.0,ASX 300+,Unclassified
SRK,Strike Resources Ltd,7661250.0,ASX 300+,Unclassified
SRR,Sarama Resources Ltd,12893700.0,ASX 300+,Unclassified
SSG,Shaver Shop Group Ltd,158525118.0,ASX 300+,Group 3
SSO,State Street SPDR S&P/ASX Small Ordinaries ETF,27591572.0,ASX 300+,Unclassified
SST,Steamships Trading Company Ltd,341090607.0,ASX 300+,Group 2
TMS,Tennant Minerals Ltd,8660000.0,ASX 300+,Unclassified
ITM,Itech Minerals Ltd,8600000.0,ASX 300+,Unclassified
FNR,Far Northern Resources Ltd,8580000.0,ASX 300+,Unclassified
NAE,New Age Exploration Ltd,8570000.0,ASX 300+,Unclassified
EPN,Epsilon Healthcare Ltd,8560000.0,ASX 300+,Unclassified
R8R,REGENER8 Resources NL,8470000.0,ASX 300+,Unclassified
LCL,LCL Resources Ltd,8440000.0,ASX 300+,Unclassified
JHPI,Jpmorgan Equity Premium Income (Hedged) Active ETF,8410000.0,ASX 300+,Unclassified
EMA,Eminence Minerals Ltd,8400000.0,ASX 300+,Unclassified
PFE,Pantera Minerals Ltd,8380000.0,ASX 300+,Unclassified
OLY,Olympio Metals Ltd,8320000.0,ASX 300+,Unclassified
IXC,INVEX Therapeutics Ltd,8270000.0,ASX 300+,Unclassified
GFLGA,Global Masters Fund Ltd,8260000.0,ASX 300+,Unclassified
XST,Xstate Resources Ltd,8160000.0,ASX 300+,Unclassified
ML8,Moonlight Resources Ltd,8120000.0,ASX 300+,Unclassified
EVE,EVE Health Group Ltd,8100000.0,ASX 300+,Unclassified
NOV,Novatti Group Ltd,8100000.0,ASX 300+,Unclassified
BCB,Bowen Coking Coal Ltd,8080000.0,ASX 300+,Unclassified
GAS,State GAS Ltd,8060000.0,ASX 300+,Unclassified
BGT,Bio-Gene Technology Ltd,8010000.0,ASX 300+,Unclassified
BSN,Basin Energy Ltd,8000000.0,ASX 300+,Unclassified
GED,Golden Deeps Ltd,7980000.0,ASX 300+,Unclassified
ECS,ECS Botanics Holdings Ltd,7980000.0,ASX 300+,Unclassified
N1H,N1 Holdings Ltd,7930000.0,ASX 300+,Unclassified
ENV,Enova Mining Ltd,7920000.0,ASX 300+,Unclassified
AVNG,Avantis Global Equity Active ETF,7900000.0,ASX 300+,Unclassified
ODA,Orcoda Ltd,7880000.0,ASX 300+,Unclassified
VRL,Verity Resources Ltd,7860000.0,ASX 300+,Unclassified
IBX,Imagion Biosystems Ltd,7850000.0,ASX 300+,Unclassified
TAT,Tartana Minerals Ltd,7820000.0,ASX 300+,Unclassified
JHGA,JPM GBL Equity Premium Income Hedged Complex ETF,7820000.0,ASX 300+,Unclassified
M24,Mamba Exploration Ltd,7800000.0,ASX 300+,Unclassified
HE8,Helios Energy Ltd,7770000.0,ASX 300+,Unclassified
FIRE,Firetrail Alpha Plus Fund - Complex ETF,7760000.0,ASX 300+,Unclassified
VBS,Vectus Biosystems Ltd,7690000.0,ASX 300+,Unclassified
SER,Strategic Energy Resources Ltd,7640000.0,ASX 300+,Unclassified
H3E,H3 Energy Ltd,7570000.0,ASX 300+,Unclassified
T92,Terra Critical Minerals Ltd,7570000.0,ASX 300+,Unclassified
HIQ,HITIQ Ltd,7560000.0,ASX 300+,Unclassified
QXR,QX Resources Ltd,7560000.0,ASX 300+,Unclassified
MHK,Metal Hawk Ltd,7530000.0,ASX 300+,Unclassified
MMR,Mec Resources Ltd,7490000.0,ASX 300+,Unclassified
CTN,Catalina Resources Ltd,7460000.0,ASX 300+,Unclassified
TXR,Talonx Resources Ltd,7460000.0,ASX 300+,Unclassified
FCAP,Fidelity Global Future Leaders Active ETF,7430000.0,ASX 300+,Unclassified
USM,Union Star Metals Ltd,7420000.0,ASX 300+,Unclassified
AUV,Auravelle Metals Ltd,7360000.0,ASX 300+,Unclassified
TR8,Tarrina Resources Ltd,7340000.0,ASX 300+,Unclassified
MML,Mclaren Minerals Ltd,7330000.0,ASX 300+,Unclassified
RON,Ronin Resources Ltd,7270000.0,ASX 300+,Unclassified
PRO,Prophecy International Holdings Ltd,7250000.0,ASX 300+,Unclassified
AUA,Audeara Ltd,7240000.0,ASX 300+,Unclassified
GSM,Golden State Mining Ltd,7240000.0,ASX 300+,Unclassified
MTL,Mantle Minerals Ltd,7230000.0,ASX 300+,Unclassified
H2G,H2G Ltd,7190000.0,ASX 300+,Unclassified
OM1,Omnia Metals Group Ltd,7180000.0,ASX 300+,Unclassified
T88,Taiton Resources Ltd,7130000.0,ASX 300+,Unclassified
VAR,Variscan Mines Ltd,7110000.0,ASX 300+,Unclassified
SIV,SIV Capital Ltd,7100000.0,ASX 300+,Unclassified
AXI,Axtec Ltd,7090000.0,ASX 300+,Unclassified
OB1,Orbminco Ltd,7090000.0,ASX 300+,Unclassified
WC1,West Cobar Metals Ltd,7080000.0,ASX 300+,Unclassified
CCO,The Calmer Co International Ltd,7040000.0,ASX 300+,Unclassified
NGS,Nutritional Growth Solutions Ltd,6990000.0,ASX 300+,Unclassified
5GG,Pentanet Ltd,6930000.0,ASX 300+,Unclassified
THR,Thor Energy Plc,6910000.0,ASX 300+,Unclassified
PFT,Pure Foods Tasmania Ltd,6880000.0,ASX 300+,Unclassified
PER,Percheron Therapeutics Ltd,6850000.0,ASX 300+,Unclassified
CHR,Charger Metals NL,6830000.0,ASX 300+,Unclassified
FUL,Fulcrum Lithium Ltd,6800000.0,ASX 300+,Unclassified
PGY,Pilot Energy Ltd,6750000.0,ASX 300+,Unclassified
YANK,Betashares Strong US Dollar Complex ETF,6740000.0,ASX 300+,Unclassified
KTA,Krakatoa Resources Ltd,6670000.0,ASX 300+,Unclassified
TOLL,Betashares Ftse Global Infrastructure Share CH ETF,6670000.0,ASX 300+,Unclassified
OMG,OMG Group Ltd,6620000.0,ASX 300+,Unclassified
TEM,Tempest Minerals Ltd,6610000.0,ASX 300+,Unclassified
AYT,Austin Metals Ltd,6580000.0,ASX 300+,Unclassified
CAN,Cann Group Ltd,6570000.0,ASX 300+,Unclassified
OZZ,OZZ Resources Ltd,6550000.0,ASX 300+,Unclassified
KNI,Kuniko Ltd,6550000.0,ASX 300+,Unclassified
EV1,Evolution Energy Minerals Ltd,6530000.0,ASX 300+,Unclassified
DM1,Desert Metals Ltd,6510000.0,ASX 300+,Unclassified
CAQ,CAQ Holdings Ltd,6460000.0,ASX 300+,Unclassified
CGR,CGN Resources Ltd,6450000.0,ASX 300+,Unclassified
HAL,Halo Technologies Holdings Ltd,6420000.0,ASX 300+,Unclassified
MNC,Merino & Co. Ltd,6390000.0,ASX 300+,Unclassified
TIO,Temas Resources Corp,6380000.0,ASX 300+,Unclassified
TRP,Tissue Repair Ltd,6350000.0,ASX 300+,Unclassified
PLG,Pearl Gull Iron Ltd,6340000.0,ASX 300+,Unclassified
PPY,Papyrus Australia Ltd,6340000.0,ASX 300+,Unclassified
M2R,Miramar Resources Ltd,6330000.0,ASX 300+,Unclassified
REM,Remsense Technologies Ltd,6320000.0,ASX 300+,Unclassified
OZXX,Global X Australia Ex Financials & Resources ETF,6310000.0,ASX 300+,Unclassified
RIE,Riedel Resources Ltd,6290000.0,ASX 300+,Unclassified
JNO,Juno Minerals Ltd,6280000.0,ASX 300+,Unclassified
TON,Triton Minerals Ltd,6270000.0,ASX 300+,Unclassified
ACR,ACRUX Ltd,6270000.0,ASX 300+,Unclassified
X2M,X2M Connect Ltd,6260000.0,ASX 300+,Unclassified
HLXDA,HELIX Resources Ltd,6260000.0,ASX 300+,Unclassified
C7A,Clara Resources Australia Ltd,6260000.0,ASX 300+,Unclassified
AX8,Accelerate Resources Ltd,6260000.0,ASX 300+,Unclassified
AS2,Askari Metals Ltd,6250000.0,ASX 300+,Unclassified
GGE,Grand Gulf Energy Ltd,6240000.0,ASX 300+,Unclassified
OKJ,Oakajee Corporation Ltd,6220000.0,ASX 300+,Unclassified
AXL,Axel Ree Ltd,6150000.0,ASX 300+,Unclassified
JGLO,Jpmorgan Global Select Equity Active ETF,6110000.0,ASX 300+,Unclassified
FHS,Freehill Mining Ltd,6100000.0,ASX 300+,Unclassified
FIIN,Fidelity India Active ETF,6090000.0,ASX 300+,Unclassified
M3M,M3 Mining Ltd,6060000.0,ASX 300+,Unclassified
NME,NEX Metals Exploration Ltd,6040000.0,ASX 300+,Unclassified
G88,Golden Mile Resources Ltd,5970000.0,ASX 300+,Unclassified
28BB,Betashares 2028 Fixed Term Corp Bond Active ETF,5950000.0,ASX 300+,Unclassified
ZLD,Zelira Therapeutics Ltd,5950000.0,ASX 300+,Unclassified
ADS,Adslot Ltd,5910000.0,ASX 300+,Unclassified
MGT,Magnetite Mines Ltd,5900000.0,ASX 300+,Unclassified
KNG,Kingsland Minerals Ltd,5890000.0,ASX 300+,Unclassified
WOA,Wide Open Agriculture Ltd,5890000.0,ASX 300+,Unclassified
LIO,Lion Energy Ltd,5880000.0,ASX 300+,Unclassified
SVNP,Savana US Small Caps Active ETF,5880000.0,ASX 300+,Unclassified
AER,Aeeris Ltd,5860000.0,ASX 300+,Unclassified
ENL,Enlitic Inc,5830000.0,ASX 300+,Unclassified
BUS,Bubalus Resources Ltd,5800000.0,ASX 300+,Unclassified
A8G,Australasian Metals Ltd,5790000.0,ASX 300+,Unclassified
INF,Infinity Metals Ltd,5750000.0,ASX 300+,Unclassified
HMI,Hiremii Ltd,5690000.0,ASX 300+,Unclassified
WHK,Whitehawk Ltd,5670000.0,ASX 300+,Unclassified
RLG,Roolife Group Ltd,5670000.0,ASX 300+,Unclassified
ASQ,Australian Silica Quartz Group Ltd,5660000.0,ASX 300+,Unclassified
C29,C29 Metals Ltd,5660000.0,ASX 300+,Unclassified
NOR,Norwood Systems Ltd,5660000.0,ASX 300+,Unclassified
WSR,Westar Resources Ltd,5660000.0,ASX 300+,Unclassified
TG1,Techgen Metals Ltd,5640000.0,ASX 300+,Unclassified
ERE,European Resources Ltd,5560000.0,ASX 300+,Unclassified
SKUK,HEJAZ Sukuk Active ETF,5470000.0,ASX 300+,Unclassified
BIT,Biotron Ltd,5400000.0,ASX 300+,Unclassified
MHM,Mount Hope Mining Ltd,5370000.0,ASX 300+,Unclassified
ATT,Altitude Minerals Ltd,5350000.0,ASX 300+,Unclassified
RAS,Ragusa Minerals Ltd,5350000.0,ASX 300+,Unclassified
BRY,Barys Resources Ltd,5280000.0,ASX 300+,Unclassified
TSR,Turnstone Resources Ltd,5260000.0,ASX 300+,Unclassified
HJZP,HEJAZ Property Fund Active ETF,5220000.0,ASX 300+,Unclassified
ABR,Albright Metals Ltd,5200000.0,ASX 300+,Unclassified
TOU,Tlou Energy Ltd,5190000.0,ASX 300+,Unclassified
WYX,Western Yilgarn NL,5190000.0,ASX 300+,Unclassified
SPX,Spenda Ltd,5190000.0,ASX 300+,Unclassified
RPM,RPM Automotive Group Ltd,5180000.0,ASX 300+,Unclassified
RNX,Renegade Exploration Ltd,5170000.0,ASX 300+,Unclassified
HFY,Hubify Ltd,5170000.0,ASX 300+,Unclassified
BEO,Beonic Ltd,5150000.0,ASX 300+,Unclassified
IEQ,International Equities Corporation Ltd,5130000.0,ASX 300+,Unclassified
NRX,Noronex Ltd,5100000.0,ASX 300+,Unclassified
GC1PA,Glennon Small Companies Ltd,5090000.0,ASX 300+,Unclassified
PIM,Pinnacle Minerals Ltd,5080000.0,ASX 300+,Unclassified
PKD,Parkd Ltd,5080000.0,ASX 300+,Unclassified
NX1,Nexalis Therapeutics Ltd,5060000.0,ASX 300+,Unclassified
XGL,Xamble Group Ltd,5040000.0,ASX 300+,Unclassified
ZEU,ZEUS Resources Ltd,5020000.0,ASX 300+,Unclassified
PET,Phoslock Environmental Technologies Ltd,5000000.0,ASX 300+,Unclassified
HT8,Harris Technology Group Ltd,4930000.0,ASX 300+,Unclassified
GDR,Golden Dragon Mining Ltd,4920000.0,ASX 300+,Unclassified
MQR,Marquee Resources Ltd,4910000.0,ASX 300+,Unclassified
XPN,Xpon Technologies Group Ltd,4900000.0,ASX 300+,Unclassified
EMT,Emetals Ltd,4880000.0,ASX 300+,Unclassified
CUL,Cullen Resources Ltd,4850000.0,ASX 300+,Unclassified
VEN,Vintage Energy Ltd,4810000.0,ASX 300+,Unclassified
BGE,Bridge Saas Ltd,4800000.0,ASX 300+,Unclassified
HRE,Heavy Rare EARTHS Ltd,4780000.0,ASX 300+,Unclassified
PRM,Prominence Energy Ltd,4780000.0,ASX 300+,Unclassified
CHM,Chimeric Therapeutics Ltd,4740000.0,ASX 300+,Unclassified
ACM,Australian Critical Minerals Ltd,4740000.0,ASX 300+,Unclassified
AVW,Avira Resources Ltd,4730000.0,ASX 300+,Unclassified
DTM,Dart Mining NL,4720000.0,ASX 300+,Unclassified
L1M,Lightning Minerals Ltd,4710000.0,ASX 300+,Unclassified
BP8,BPH Global Ltd,4710000.0,ASX 300+,Unclassified
GES,Genesis Resources Ltd,4700000.0,ASX 300+,Unclassified
IVX,Invion Ltd,4650000.0,ASX 300+,Unclassified
BUR,Burley Minerals Ltd,4640000.0,ASX 300+,Unclassified
JHLO,Jpmorgan Global Select Equity (Hedged) Active ETF,4640000.0,ASX 300+,Unclassified
10X,Exultant Mining Ltd,4640000.0,ASX 300+,Unclassified
YAR,Yari Resources Ltd,4620000.0,ASX 300+,Unclassified
RBX,Resource Base Ltd,4610000.0,ASX 300+,Unclassified
PTL,Prestal Holdings Ltd,4600000.0,ASX 300+,Unclassified
BTN,Butn Ltd,4580000.0,ASX 300+,Unclassified
GOOD,Janus Henderson Sustainable Credit Active ETF,4540000.0,ASX 300+,Unclassified
ADC,Acdc Metals Ltd,4500000.0,ASX 300+,Unclassified
BCC,Beam Communications Holdings Ltd,4490000.0,ASX 300+,Unclassified
LVE,Love Group Global Ltd,4460000.0,ASX 300+,Unclassified
DBO,Diablo Resources Ltd,4420000.0,ASX 300+,Unclassified
EMN,Euro Manganese Inc,4410000.0,ASX 300+,Unclassified
TCAP,Ten Cap Alpha Plus Complex ETF,4350000.0,ASX 300+,Unclassified
CDR,Codrus Minerals Ltd,4340000.0,ASX 300+,Unclassified
GGAB,Betashares Geared Long Aus GOV Bond Complex ETF,4330000.0,ASX 300+,Unclassified
FEL,Forte Energy Ltd,4330000.0,ASX 300+,Unclassified
KNO,Knosys Ltd,4320000.0,ASX 300+,Unclassified
NPM,Newpeak Metals Ltd,4280000.0,ASX 300+,Unclassified
8CO,8COMMON Ltd,4260000.0,ASX 300+,Unclassified
BHD,Benjamin Hornigold Ltd,4230000.0,ASX 300+,Unclassified
HYD,HYDRIX Ltd,4200000.0,ASX 300+,Unclassified
8IH,8I Holdings Ltd,4180000.0,ASX 300+,Unclassified
UBI,Universal Biosensors Inc,4170000.0,ASX 300+,Unclassified
TML,Timah Resources Ltd,4170000.0,ASX 300+,Unclassified
ENT,Enterprise Metals Ltd,4170000.0,ASX 300+,Unclassified
EFE,Eastern Resources Ltd,4150000.0,ASX 300+,Unclassified
ERG,Eneco Refresh Ltd,4090000.0,ASX 300+,Unclassified
MOM,Moab Minerals Ltd,4030000.0,ASX 300+,Unclassified
IFG,Infocus Group Holdings Ltd,4030000.0,ASX 300+,Unclassified
FCG,Freedom Care Group Holdings Ltd,4010000.0,ASX 300+,Unclassified
WRX,Western Ridge Resources Ltd,3950000.0,ASX 300+,Unclassified
RAN,Range International Ltd,3930000.0,ASX 300+,Unclassified
PBL,Parabellum Resources Ltd,3920000.0,ASX 300+,Unclassified
IMI,Infinity Mining Ltd,3920000.0,ASX 300+,Unclassified
VFX,Visionflex Group Ltd,3900000.0,ASX 300+,Unclassified
RGT,Argent Biopharma Ltd,3890000.0,ASX 300+,Unclassified
DAF,Discovery Alaska Ltd,3880000.0,ASX 300+,Unclassified
USIG,Global X Usd Corporate Bond (Currency Hedged) ETF,3830000.0,ASX 300+,Unclassified
GGFD,Betashares Geared Long US TR Bond CH Complex ETF,3780000.0,ASX 300+,Unclassified
CGO,CPT Global Ltd,3770000.0,ASX 300+,Unclassified
ZMM,ZIMI Ltd,3760000.0,ASX 300+,Unclassified
OSX,Osteopore Ltd,3760000.0,ASX 300+,Unclassified
EE1,EARTHS Energy Ltd,3750000.0,ASX 300+,Unclassified
KSM,K2 Australian Small Cap Hedge Fund - Complex ETF,3670000.0,ASX 300+,Unclassified
DDT,Datadot Technology Ltd,3650000.0,ASX 300+,Unclassified
NTM,NT Minerals Ltd,3630000.0,ASX 300+,Unclassified
