Company Name,Symbol,Market
ABF Malaysia Bond Index Fund,0800EA,Main Market
Able Global Berhad,7167,Main Market
Ablegroup Berhad,7086,Main Market
ABM Fujiya Berhad,5198,Main Market
Acme Holdings Berhad,7131,Main Market
ACO Group Berhad,0218,ACE Market
Advance Information Marketing Berhad,0122,ACE Market
Advance Synergy Berhad,1481,Main Market
Advancecon Holdings Berhad,5281,Main Market
Adventa Berhad,7191,Main Market
AE Multi Holdings Berhad,7146,Main Market
Aemulus Holdings Berhad,0181,ACE Market
Aeon Co. (M) Bhd,6599,Main Market
Aeon Credit Service (M) Berhad,5139,Main Market
Affin Bank Berhad,5185,Main Market
Ageson Berhad,7145,Main Market
Agmo Holdings Berhad,0258,ACE Market
Agricore CS Holdings Berhad,0309,ACE Market
AGX Group Berhad,0299,ACE Market
AHB Holdings Berhad,7315,Main Market
Ahmad Zaki Resources Berhad,7078,Main Market
Aimflex Berhad,0209,ACE Market
Airasia X Berhad,5238,Main Market
Ajinomoto (Malaysia) Berhad,2658,Main Market
Ajiya Berhad,7609,Main Market
Alam Maritim Resources Berhad,5115,Main Market
Al-'aqar Healthcare REIT,5116,Main Market
Alcom Group Berhad,2674,Main Market
Aldrich Resources Berhad,0079,ACE Market
Alliance Bank Malaysia Berhad,2488,Main Market
Allianz Malaysia Berhad,1163,Main Market
Alpha IVF Group Berhad,0303,ACE Market
Alpha Ocean Resources Berhad,03051,LEAP Market
Al-salam Real Estate Investment Trust,5269,Main Market
Amanahraya Real Estate Investment Trust,5127,Main Market
AME Elite Consortium Berhad,5293,Main Market
AME Real Estate Investment Trust,5307,Main Market
Amfirst Real Estate Investment Trust,5120,Main Market
Amlex Holdings Berhad,03011,LEAP Market
AMMB Holdings Berhad,1015,Main Market
Amtel Holdings Berhad,7031,Main Market
Amway (Malaysia) Holdings Berhad,6351,Main Market
Analabs Resources Berhad,7083,Main Market
Ancom Logistics Berhad,0048,ACE Market
Ancom Nylex Berhad,4758,Main Market
Aneka Jaringan Holdings Berhad,0226,ACE Market
ANN JOO Resources Berhad,6556,Main Market
Annum Berhad,5082,Main Market
APB Resources Berhad,5568,Main Market
Apex Equity Holdings Berhad,5088,Main Market
Apex Healthcare Berhad,7090,Main Market
APM Automotive Holdings Berhad,5015,Main Market
Apollo Food Holdings Berhad,6432,Main Market
Appasia Berhad,0119,ACE Market
A-rank Berhad,7214,Main Market
ARB Berhad,7181,Main Market
ARK Resources Holdings Berhad,7007,Main Market
Arka Berhad,7218,Main Market
Artroniq Berhad,0038,ACE Market
Asdion Berhad,0068,ACE Market
Asia Brands Berhad,7722,Main Market
Asia File Corporation Bhd,7129,Main Market
Asia Poly Holdings Berhad,0105,ACE Market
Asian PAC Holdings Berhad,4057,Main Market
Asteel Group Berhad,7020,Main Market
Astino Berhad,7162,Main Market
Astral Asia Berhad,7054,Main Market
Astramina Group Berhad,03032,LEAP Market
Astro Malaysia Holdings Berhad,6399,Main Market
AT Systematization Berhad,0072,ACE Market
ATA IMS Berhad,8176,Main Market
Atlan Holdings Bhd,7048,Main Market
Atrium Real Estate Investment Trust,5130,Main Market
Aurelius Technologies Berhad,5302,Main Market
Auro Holdings Berhad,5025,Main Market
Aurora Italia International Berhad,03037,LEAP Market
Autocount Dotcom Berhad,0276,ACE Market
Avaland Berhad,5182,Main Market
Avillion Berhad,8885,Main Market
Awanbiru Technology Berhad,5204,Main Market
AWC Berhad,7579,Main Market
Axiata Group Berhad,6888,Main Market
Axis Real Estate Investment Trust,5106,Main Market
Axteria Group Berhad,7120,Main Market
Ayer Holdings Berhad,2305,Main Market
AYS Ventures Berhad,5021,Main Market
B.i.g. Industries Berhad,7005,Main Market
Baba ECO Group Berhad,03012,LEAP Market
Bahvest Resources Berhad,0098,ACE Market
Bank Islam Malaysia Berhad,5258,Main Market
Barakah Offshore Petroleum Berhad,7251,Main Market
Batu Kawan Berhad,1899,Main Market
BCB Berhad,6602,Main Market
BCM Alliance Berhad,0187,ACE Market
Benalec Holdings Berhad,5190,Main Market
Berjaya Assets Berhad,3239,Main Market
Berjaya Corporation Berhad,3395,Main Market
Berjaya Food Berhad,5196,Main Market
Berjaya Land Berhad,4219,Main Market
Bermaz Auto Berhad,5248,Main Market
Bertam Alliance Berhad,9814,Main Market
Beshom Holdings Berhad,7668,Main Market
Betamek Berhad,0263,ACE Market
Bina Darulaman Berhad,6173,Main Market
Bina Puri Holdings Bhd,5932,Main Market
Binasat Communications Berhad,0195,ACE Market
Binastra Corporation Berhad,7195,Main Market
Bintai Kinden Corporation Berhad,6998,Main Market
Bintulu Port Holdings Berhad,5032,Main Market
Bioalpha Holdings Berhad,0179,ACE Market
BLD Plantation Bhd.,5069,Main Market
BM Greentech Berhad,0168,ACE Market
Bonia Corporation Berhad,9288,Main Market
Borneo OIL Berhad,7036,Main Market
Boustead Heavy Industries Corporation Bhd,8133,Main Market
Box-pak (Malaysia) Berhad,6297,Main Market
BP Plastics Holding Bhd,5100,Main Market
Bright Packaging Industry Berhad,9938,Main Market
Brite-tech Berhad,0011,ACE Market
British American Tobacco (Malaysia) Berhad,4162,Main Market
BSL Corporation Berhad,7221,Main Market
BTM Resources Berhad,7188,Main Market
Bumi Armada Berhad,5210,Main Market
Bursa Malaysia Berhad,1818,Main Market
BV Land Holdings Berhad,03042,LEAP Market
Bwys Group Berhad,0313,ACE Market
C.i. Holdings Berhad,2828,Main Market
CAB Cakaran Corporation Berhad,7174,Main Market
Cabnet Holdings Berhad,0191,ACE Market
Cahya Mata Sarawak Berhad,2852,Main Market
CAM Resources Berhad,7128,Main Market
Can-one Berhad,5105,Main Market
Cape EMS Berhad,5311,Main Market
Capital A Berhad,5099,Main Market
Capitaland Malaysia Trust,5180,Main Market
Careplus Group Berhad,0163,ACE Market
Carimin Petroleum Berhad,5257,Main Market
Carlo Rino Group Berhad,03016,LEAP Market
Carlsberg Brewery Malaysia Berhad,2836,Main Market
Carzo Holdings Berhad,03048,LEAP Market
Catcha Digital Berhad,0173,ACE Market
CB Industrial Product Holding Berhad,7076,Main Market
CC International Berhad,03053,LEAP Market
CCK Consolidated Holdings Berhad,7035,Main Market
CE Technology Berhad,03024,LEAP Market
Cekd Berhad,0238,ACE Market
Celcomdigi Berhad,6947,Main Market
Cengild Medical Berhad,0243,ACE Market
Censof Holdings Berhad,5195,Main Market
Central Global Berhad,8052,Main Market
Cepatwawasan Group Berhad,8982,Main Market
Cheetah Holdings Berhad,7209,Main Market
Chin HIN Group Berhad,5273,Main Market
Chin HIN Group Property Berhad,7187,Main Market
Chin Teck Plantations Berhad,1929,Main Market
Chin Well Holdings Berhad,5007,Main Market
China Ouhua Winery Holdings Limited,5188,Main Market
Choo BEE Metal Industries Bhd,5797,Main Market
Chuan Huat Resources Bhd,7016,Main Market
CIMB Group Holdings Berhad,1023,Main Market
Citaglobal Berhad,7245,Main Market
Citra Nusa Holdings Berhad,5104,Main Market
CJ Century Logistics Holdings Berhad,7117,Main Market
Classita Holdings Berhad,7154,Main Market
Cloudaron Group Berhad,03001,LEAP Market
Cloudpoint Technology Berhad,0277,ACE Market
CME Group Berhad,7018,Main Market
CN Asia Corporation Bhd,7986,Main Market
Cnergenz Berhad,0246,ACE Market
Coastal Contracts Bhd,5071,Main Market
Comfort Gloves Berhad,2127,Main Market
Compugates Holdings Berhad,5037,Main Market
Computer Forms (Malaysia) Berhad,8044,Main Market
Concrete Engineering Products Berhad,8435,Main Market
Coraza Integrated Technology Berhad,0240,ACE Market
Cosmos Technology International Berhad,0261,ACE Market
Country Heights Holdings Bhd,5738,Main Market
Country View Berhad,5049,Main Market
CPE Technology Berhad,5317,Main Market
Crescendo Corporation Berhad,6718,Main Market
Crest Builder Holdings Berhad,8591,Main Market
Critical Holdings Berhad,0291,ACE Market
CSC Steel Holdings Berhad,5094,Main Market
Ctos Digital Berhad,5301,Main Market
Cuscapi Berhad,0051,ACE Market
CWG Holdings Berhad,9423,Main Market
Cyberjaya Education Group Berhad,5166,Main Market
CYL Corporation Berhad,7157,Main Market
Cypark Resources Berhad,5184,Main Market
D & O Green Technologies Berhad,7204,Main Market
Dagang Nexchange Berhad,4456,Main Market
Danainfra Nasional Berhad,0400GB,Main Market
Dancomech Holdings Berhad,5276,Main Market
Dataprep Holdings Bhd,8338,Main Market
Datasonic Group Berhad,5216,Main Market
Dayang Enterprise Holdings Berhad,5141,Main Market
Daythree Digital Berhad,0281,ACE Market
DC Healthcare Holdings Berhad,0283,ACE Market
Deleum Berhad,5132,Main Market
Destini Berhad,7212,Main Market
Dfcity Group Berhad,5165,Main Market
DGB Asia Berhad,0152,ACE Market
Dialog Group Berhad,7277,Main Market
Digistar Corporation Berhad,0029,ACE Market
Divfex Berhad,0131,ACE Market
Dkls Industries Bhd,7528,Main Market
Dksh Holdings (Malaysia) Berhad,5908,Main Market
D'nonce Technology Bhd,7114,Main Market
Dolphin International Berhad,5265,Main Market
Dominant Enterprise Berhad,7169,Main Market
DPI Holdings Berhad,0205,ACE Market
DPS Resources Berhad,7198,Main Market
Drb-hicom Berhad,1619,Main Market
DS Sigma Holdings Berhad,0269,ACE Market
DSR Taiko Berhad,03055,LEAP Market
Dufu Technology Corp. Berhad,7233,Main Market
Duopharma Biotech Berhad,7148,Main Market
Dutaland Berhad,3948,Main Market
Dutch Lady Milk Industries Berhad,3026,Main Market
DXN Holdings Bhd.,5318,Main Market
Dynafront Holdings Berhad,03046,LEAP Market
E.a.technique (M) Berhad,5259,Main Market
EA Holdings Berhad,0154,ACE Market
Eastern & Oriental Berhad,3417,Main Market
ECA Integrated Solution Berhad,0267,ACE Market
ECM Libra Group Berhad,2143,Main Market
ECO World Development Group Berhad,8206,Main Market
ECO World International Berhad,5283,Main Market
Ecobuilt Holdings Berhad,0059,ACE Market
Ecofirst Consolidated Bhd,3557,Main Market
Ecomate Holdings Berhad,0239,ACE Market
Econframe Berhad,0227,ACE Market
Econpile Holdings Berhad,5253,Main Market
Ecoscience International Berhad,0255,ACE Market
Edaran Berhad,5036,Main Market
Edelteq Holdings Berhad,0278,ACE Market
Eden Inc. Berhad,7471,Main Market
Eduspec Holdings Berhad,0107,ACE Market
Efficient E-solutions Berhad,0064,ACE Market
EG Industries Berhad,8907,Main Market
Eita Resources Berhad,5208,Main Market
Ekovest Berhad,8877,Main Market
Eksons Corporation Berhad,9016,Main Market
Elk-desa Resources Berhad,5228,Main Market
Elsoft Research Berhad,0090,ACE Market
Emico Holdings Berhad,9091,Main Market
Encorp Berhad,6076,Main Market
Enest Group Berhad,03025,LEAP Market
ENG KAH Corporation Berhad,7149,Main Market
Engtex Group Berhad,5056,Main Market
Enra Group Berhad,8613,Main Market
Eonmetall Group Berhad,7217,Main Market
EP Manufacturing Bhd,7773,Main Market
Epicon Berhad,4847,Main Market
Eq8 DOW Jones Islamic Market Malaysia Titans 25 ETF,0821EA,Main Market
Eq8 DOW Jones US Titans 50 ETF,0827EA,Main Market
Eq8 Msci Malaysia Islamic Dividend ETF,0824EA,Main Market
Eq8 Msci SEA Islamic Dividend ETF,0825EA,Main Market
Equitiestracker Holdings Berhad,03021,LEAP Market
ES Ceramics Technology Bhd,0100,ACE Market
Esthetics International Group Berhad,5081,Main Market
Eupe Corporation Berhad,6815,Main Market
Euro Holdings Berhad,7208,Main Market
Eurospan Holdings Berhad,7094,Main Market
EVD Berhad,0174,ACE Market
Evergreen Fibreboard Berhad,5101,Main Market
Evergreen MAX Cash Capital Berhad,0286,ACE Market
Eversafe Rubber Berhad,0190,ACE Market
Eversendai Corporation Berhad,5205,Main Market
Ewein Berhad,7249,Main Market
Excel Force MSC Berhad,0065,ACE Market
Facb Industries Incorporated Berhad,2984,Main Market
Fajarbaru Builder Group Bhd,7047,Main Market
FAR East Holdings Berhad,5029,Main Market
Farlim Group (Malaysia) Bhd,6041,Main Market
Farm Fresh Berhad,5306,Main Market
Farm Price Holdings Berhad,0304,ACE Market
Fast Energy Holdings Berhad,0084,ACE Market
Favelle Favco Berhad,7229,Main Market
FCW Holdings Berhad,2755,Main Market
Federal International Holdings Berhad,8605,Main Market
Feytech Holdings Berhad,5322,Main Market
FGV Holdings Berhad,5222,Main Market
Fiamma Holdings Berhad,6939,Main Market
Fibon Berhad,0149,ACE Market
Fibromat (M) Berhad,03026,LEAP Market
Fima Corporation Berhad,3107,Main Market
Fintec Global Berhad,0150,ACE Market
Fitters Diversified Berhad,9318,Main Market
Flexidynamic Holdings Berhad,0231,ACE Market
FM Global Logistics Holdings Berhad,7210,Main Market
Focus Dynamics Group Berhad,0116,ACE Market
Focus Lumber Berhad,5197,Main Market
Focus Point Holdings Berhad,0157,ACE Market
Formosa Prosonic Industries Berhad,9172,Main Market
Foundpac Group Berhad,5277,Main Market
Fraser & Neave Holdings Bhd,3689,Main Market
Frontken Corporation Berhad,0128,ACE Market
Fsbm Holdings Berhad,9377,Main Market
Ftse Bursa Malaysia Klci ETF,0820EA,Main Market
G Capital Berhad,7676,Main Market
G3 Global Berhad,7184,Main Market
Gabungan Aqrs Berhad,5226,Main Market
Gadang Holdings Bhd,9261,Main Market
Gagasan Nadi Cergas Berhad,0206,ACE Market
Gamuda Berhad,5398,Main Market
GAS Malaysia Berhad,5209,Main Market
GDB Holdings Berhad,0198,ACE Market
Gdex Berhad,0078,ACE Market
Genetec Technology Berhad,0104,ACE Market
Genting Berhad,3182,Main Market
Genting Malaysia Berhad,4715,Main Market
Genting Plantations Berhad,2291,Main Market
George Kent (Malaysia) Berhad,3204,Main Market
Ge-shen Corporation Berhad,7197,Main Market
GFM Services Berhad,0039,ACE Market
GHL Systems Berhad,0021,ACE Market
Giib Holdings Berhad,7192,Main Market
Global Oriental Berhad,1147,Main Market
Globaltec Formation Berhad,5220,Main Market
Globetronics Technology Berhad,7022,Main Market
Glomac Berhad,5020,Main Market
Glostrext Berhad,0284,ACE Market
GO HUB Capital Berhad,0311,ACE Market
GO Innovate Asia Berhad,03028,LEAP Market
Golden Land Berhad,7382,Main Market
Golden Pharos Berhad,5649,Main Market
Gopeng Berhad,2135,Main Market
GPP Resources Berhad,03029,LEAP Market
Grand Central Enterprises Bhd,5592,Main Market
Greatech Technology Berhad,0208,ACE Market
Greater BAY Holdings Berhad,9148,Main Market
Green Ocean Corporation Berhad,0074,ACE Market
Green Packet Berhad,0082,ACE Market
Greenyield Berhad,0136,ACE Market
Gromutual Berhad,9962,Main Market
Guan Chong Berhad,5102,Main Market
GUH Holdings Berhad,3247,Main Market
Guocoland (Malaysia) Berhad,1503,Main Market
Haily Group Berhad,0237,ACE Market
Handal Energy Berhad,7253,Main Market
HAP Seng Consolidated Berhad,3034,Main Market
HAP Seng Plantations Holdings Berhad,5138,Main Market
Harbour-link Group Berhad,2062,Main Market
Harn LEN Corporation Bhd,7501,Main Market
Harrisons Holdings (Malaysia) Berhad,5008,Main Market
Hartalega Holdings Berhad,5168,Main Market
Harvest Miracle Capital Berhad,0060,ACE Market
HB Global Limited,5187,Main Market
HCK Capital Group Berhad,7105,Main Market
HE Group Berhad,0296,ACE Market
Heineken Malaysia Berhad,3255,Main Market
Heitech Padu Berhad,5028,Main Market
Hektar Real Estate Investment Trust,5121,Main Market
Hengyuan Refining Company Berhad,4324,Main Market
Heveaboard Berhad,5095,Main Market
Hextar Capital Berhad,0035,ACE Market
Hextar Global Berhad,5151,Main Market
Hextar Healthcare Berhad,7803,Main Market
Hextar Industries Berhad,0161,ACE Market
Hextar Retail Berhad,7202,Main Market
Hextar Technologies Solutions Berhad,5136,Main Market
Hexza Corporation Berhad,3298,Main Market
Hhrg Berhad,0175,ACE Market
Hiap Huat Holdings Berhad,0160,ACE Market
Hiap Teck Venture Berhad,5072,Main Market
Hibiscus Petroleum Berhad,5199,Main Market
HIL Industries Berhad,8443,Main Market
HLT Global Berhad,0188,ACE Market
HO HUP Construction Company Bhd,5169,Main Market
HO WAH Genting Berhad,9601,Main Market
Homeritz Corporation Berhad,5160,Main Market
Hong Leong Bank Berhad,5819,Main Market
Hong Leong Capital Berhad,5274,Main Market
Hong Leong Financial Group Berhad,1082,Main Market
Hong Leong Industries Berhad,3301,Main Market
Hong Seng Consolidated Berhad,0041,ACE Market
Hpmt Holdings Berhad,5291,Main Market
HPP Holdings Berhad,0228,ACE Market
HSS Engineers Berhad,0185,ACE Market
HUA Yang Berhad,5062,Main Market
Hubline Berhad,7013,Main Market
Hume Cement Industries Berhad,5000,Main Market
HUP Seng Industries Berhad,5024,Main Market
HWA TAI Industries Berhad,8478,Main Market
I-berhad,4251,Main Market
Ibraco Berhad,5084,Main Market
Icapital.biz Berhad,5108,Main Market
Icon Offshore Berhad,5255,Main Market
Iconic Worldwide Berhad,9113,Main Market
ICT Zone Asia Berhad,03038,LEAP Market
IDB Technologies Berhad,03030,LEAP Market
Ideal Capital Berhad,9687,Main Market
Ifca MSC Berhad,0023,ACE Market
IGB Berhad,5606,Main Market
IGB Commercial Real Estate Investment Trust,5299,Main Market
IGB Real Estate Investment Trust,5227,Main Market
IHH Healthcare Berhad,5225,Main Market
Ihsan Sukuk-etbs 4.60%0824,0401GA,Main Market
IJM Corporation Berhad,3336,Main Market
ILB Group Berhad,5614,Main Market
Imaspro Corporation Berhad,7222,Main Market
Inari Amertron Berhad,0166,ACE Market
Inch Kenneth Kajang Rubber Public LTD CO,2607,Main Market
Industronics Berhad,9393,Main Market
Infoline TEC Group Berhad,0253,ACE Market
Infomina Berhad,0265,ACE Market
Infraharta Holdings Berhad,7240,Main Market
Ingenieur Gudang Berhad,5178,Main Market
Innature Berhad,5295,Main Market
Innity Corporation Berhad,0147,ACE Market
Innoprise Plantations Berhad,6262,Main Market
Insas Berhad,3379,Main Market
Inta Bina Group Berhad,0192,ACE Market
IOI Corporation Berhad,1961,Main Market
IOI Properties Group Berhad,5249,Main Market
IQ Group Holdings Berhad,5107,Main Market
Iqzan Holding Berhad,7183,Main Market
Ireka Corporation Berhad,8834,Main Market
Iris Corporation Berhad,0010,ACE Market
Iskandar Waterfront City Berhad,1589,Main Market
Itmax System Berhad,5309,Main Market
Ivory Properties Group Berhad,5175,Main Market
Jadi Imaging Holdings Berhad,7223,Main Market
JAG Berhad,0024,ACE Market
Jaks Resources Berhad,4723,Main Market
Jasa Kita Berhad,8648,Main Market
Jati Tinggi Group Berhad,0292,ACE Market
Jaya Tiasa Holdings Bhd,4383,Main Market
Jaycorp Berhad,7152,Main Market
Jcbnext Berhad,0058,ACE Market
JCY International Berhad,5161,Main Market
Jentayu Sustainables Berhad,5673,Main Market
JF Technology Berhad,0146,ACE Market
JHM Consolidation Berhad,0127,ACE Market
Jiankun International Berhad,8923,Main Market
Jishan Berhad,03040,LEAP Market
JKG Land Berhad,6769,Main Market
JOE Holding Berhad,7096,Main Market
Johan Holdings Berhad,3441,Main Market
Johor Plantations Group Berhad,5323,Main Market
K. Seng Seng Corporation Berhad,5192,Main Market
Kamdar Group (M) Berhad,8672,Main Market
Kanger International Berhad,0170,ACE Market
Karex Berhad,5247,Main Market
Karyon Industries Berhad,0054,ACE Market
Kawan Food Berhad,7216,Main Market
Kawan Renergy Berhad,0307,ACE Market
Keck Seng (Malaysia) Berhad,3476,Main Market
Kein Hing International Berhad,7199,Main Market
Kelington Group Berhad,0151,ACE Market
KEN Holdings Berhad,7323,Main Market
Kenanga Investment Bank Berhad,6483,Main Market
Kenanga Klci Daily (-1x) Inverse ETF,0835EA,Main Market
Kenanga Klci Daily 2x Leveraged ETF,0834EA,Main Market
Kerjaya Prospek Group Berhad,7161,Main Market
Kerjaya Prospek Property Berhad,7077,Main Market
Kesm Industries Berhad,9334,Main Market
KEY Alliance Group Berhad,0036,ACE Market
KEY Asic Berhad,0143,ACE Market
Keyfield International Berhad,5321,Main Market
KGW Group Berhad,0282,ACE Market
Khee SAN Berhad,6203,Main Market
Khind Holdings Berhad,7062,Main Market
KIA LIM Berhad,6211,Main Market
KIM HIN Industry Berhad,5371,Main Market
KIM HIN JOO (Malaysia) Berhad,0210,ACE Market
KIM Loong Resources Berhad,5027,Main Market
KIM Teck Cheong Consolidated Berhad,0180,ACE Market
Kimlun Corporation Berhad,5171,Main Market
Kinergy Advancement Berhad,0193,ACE Market
KIP Real Estate Investment Trust,5280,Main Market
Kjts Group Berhad,0293,ACE Market
KKB Engineering Berhad,9466,Main Market
KLCC Property Holdings Berhad,5235SS,Main Market
KLCC Real Estate Investment Trust,5235SS,Main Market
Kluang Rubber Company (Malaya) Berhad,2453,Main Market
KNM Group Berhad,7164,Main Market
Knusford Berhad,5035,Main Market
Kobay Technology Berhad,6971,Main Market
Komarkcorp Berhad,7017,Main Market
K-one Technology Berhad,0111,ACE Market
Kossan Rubber Industries Berhad,7153,Main Market
Kotra Industries Berhad,0002,ACE Market
KPJ Healthcare Berhad,5878,Main Market
KPS Consortium Berhad,9121,Main Market
Kretam Holdings Berhad,1996,Main Market
Kronologi Asia Berhad,0176,ACE Market
KSL Holdings Berhad,5038,Main Market
KTI Landmark Berhad,0308,ACE Market
Kuala Lumpur Kepong Berhad,2445,Main Market
KUB Malaysia Berhad,6874,Main Market
Kuchai Development Berhad,2186,Main Market
Kucingko Berhad,0315,ACE Market
Kumpulan Fima Berhad,6491,Main Market
Kumpulan H & L High-tech Berhad,7033,Main Market
Kumpulan Jetson Berhad,9083,Main Market
Kumpulan Kitacon Berhad,5310,Main Market
Kumpulan Perangsang Selangor Berhad,5843,Main Market
KYM Holdings Berhad,8362,Main Market
L&p Global Berhad,0268,ACE Market
Lagenda Properties Berhad,7179,Main Market
Lambo Group Berhad,0018,ACE Market
Land & General Berhad,3174,Main Market
Landmarks Berhad,1643,Main Market
LAY Hong Berhad,9385,Main Market
LB Aluminium Berhad,9326,Main Market
LBI Capital Berhad,8494,Main Market
LBS Bina Group Berhad,5789,Main Market
Leader Steel Holdings Berhad,9881,Main Market
Lebtech Berhad,9628,Main Market
LEE Swee Kiat Group Berhad,8079,Main Market
Leform Berhad,0266,ACE Market
Leon Fuat Berhad,5232,Main Market
Leong HUP International Berhad,6633,Main Market
LFE Corporation Berhad,7170,Main Market
Lgms Berhad,0249,ACE Market
Lien HOE Corporation Berhad,3573,Main Market
LII HEN Industries Bhd.,7089,Main Market
LIM Seong HAI Capital Berhad,03047,LEAP Market
Lion Industries Corporation Berhad,4235,Main Market
Lion Posim Berhad,8486,Main Market
LKL International Berhad,0182,ACE Market
Lotte Chemical Titan Holding Berhad,5284,Main Market
Lotus KFM Berhad,8303,Main Market
LPI Capital Bhd,8621,Main Market
Ltkm Berhad,7085,Main Market
Luster Industries Bhd.,5068,Main Market
Luxchem Corporation Berhad,5143,Main Market
LYC Healthcare Berhad,0075,ACE Market
Lysaght Galvanized Steel Berhad,9199,Main Market
M & A Equity Holdings Berhad,7082,Main Market
M N C Wireless Berhad,0103,ACE Market
MAA Group Berhad,1198,Main Market
MAG Holdings Berhad,0095,ACE Market
Magma Group Berhad,7243,Main Market
Magna Prima Berhad,7617,Main Market
Magni-tech Industries Berhad,7087,Main Market
Magnum Berhad,3859,Main Market
MAH Sing Group Berhad,8583,Main Market
Majuperak Holdings Berhad,8141,Main Market
Malakoff Corporation Berhad,5264,Main Market
Malayan Banking Berhad,1155,Main Market
Malayan Cement Berhad,3794,Main Market
Malayan Flour Mills Berhad,3662,Main Market
Malayan United Industries Berhad,3891,Main Market
Malaysia Airports Holdings Berhad,5014,Main Market
Malaysia Marine and Heavy Engineering Holdings Berhad,5186,Main Market
Malaysia Smelting Corporation Berhad,5916,Main Market
Malaysia Steel Works (KL) Bhd,5098,Main Market
Malaysian Genomics Resource Centre Berhad,0155,ACE Market
Malaysian Pacific Industries Berhad,3867,Main Market
Malaysian Resources Corporation Berhad,1651,Main Market
Malpac Holdings Berhad,4936,Main Market
Malton Berhad,6181,Main Market
Managepay Systems Berhad,0156,ACE Market
Manforce Group Berhad,03015,LEAP Market
Manulife Holdings Berhad,1058,Main Market
Marco Holdings Berhad,3514,Main Market
Marine & General Berhad,5078,Main Market
Master TEC Group Berhad,0295,ACE Market
Master-pack Group Berhad,7029,Main Market
Matang Berhad,0189,ACE Market
Matrix Concepts Holdings Berhad,5236,Main Market
Matrix Parking Solution Holdings Berhad,03019,LEAP Market
Maxim Global Berhad,4022,Main Market
Maxis Berhad,6012,Main Market
Maxland Berhad,7123,Main Market
Maybulk Berhad,5077,Main Market
Mayu Global Group Berhad,7099,Main Market
MBM Resources Bhd,5983,Main Market
MBSB Berhad,1171,Main Market
MCE Holdings Berhad,7004,Main Market
Mclean Technologies Berhad,0167,ACE Market
Mcom Holdings Berhad,03022,LEAP Market
Media Chinese International Limited,5090,Main Market
Media Prima Berhad,4502,Main Market
Mega First Corporation Berhad,3069,Main Market
Melati Ehsan Holdings Berhad,5129,Main Market
Melewar Industrial Group Berhad,3778,Main Market
Menang Corporation (M) Berhad,1694,Main Market
Mentiga Corporation Berhad,5223,Main Market
Mercury Industries Berhad,8192,Main Market
Mercury Securities Group Berhad,0285,ACE Market
Meridian Berhad,5040,Main Market
Mesb Berhad,7234,Main Market
Mesiniaga Berhad,5011,Main Market
Mestron Holdings Berhad,0207,ACE Market
Meta Bright Group Berhad,2097,Main Market
Metro Healthcare Berhad,03005,LEAP Market
Metrod Holdings Berhad,6149,Main Market
Metronic Global Berhad,0043,ACE Market
MGB Berhad,7595,Main Market
MHC Plantations Bhd,5026,Main Market
MI Technovation Berhad,5286,Main Market
Microlink Solutions Berhad,0126,ACE Market
Mieco Chipboard Berhad,5001,Main Market
Mikro MSC Berhad,0112,ACE Market
Milux Corporation Berhad,7935,Main Market
Minetech Resources Berhad,7219,Main Market
Minho (M) Berhad,5576,Main Market
Minox International Group Berhad,0288,ACE Market
MISC Berhad,3816,Main Market
Mitrajaya Holdings Berhad,9571,Main Market
MK Land Holdings Berhad,8893,Main Market
MKH Berhad,6114,Main Market
MKH OIL Palm (East Kalimantan) Berhad,5319,Main Market
Mlabs Systems Berhad,0085,ACE Market
Mmag Holdings Berhad,0034,ACE Market
Mmis Berhad,03027,LEAP Market
MMM Group Berhad,0159,ACE Market
MMS Ventures Berhad,0113,ACE Market
MN Holdings Berhad,0245,ACE Market
MNRB Holdings Berhad,6459,Main Market
Mobilia Holdings Berhad,0229,ACE Market
Mphb Capital Berhad,5237,Main Market
Mpire Global Berhad,7943,Main Market
MQ Technology Berhad,0070,ACE Market
MR D.i.y. Group (M) Berhad,5296,Main Market
MSM Malaysia Holdings Berhad,5202,Main Market
MST Golf Group Berhad,5316,Main Market
Mtag Group Berhad,0213,ACE Market
Mtouche Technology Berhad,0092,ACE Market
Muar BAN LEE Group Berhad,5152,Main Market
Muda Holdings Berhad,3883,Main Market
Mudajaya Group Berhad,5085,Main Market
Muhibbah Engineering (M) Bhd,5703,Main Market
MUI Properties Berhad,3913,Main Market
Mulpha International Berhad,3905,Main Market
Multi-usage Holdings Berhad,9539,Main Market
MY E.g. Services Berhad,0138,ACE Market
Mycron Steel Berhad,5087,Main Market
Mymbn Berhad,0280,ACE Market
Mynews Holdings Berhad,5275,Main Market
Mytech Group Berhad,7692,Main Market
N2n Connect Berhad,0108,ACE Market
Naim Holdings Berhad,5073,Main Market
Nationgate Holdings Berhad,0270,ACE Market
NCT Alliance Berhad,0056,ACE Market
Negri Sembilan OIL Palms Berhad,2038,Main Market
Nestcon Berhad,0235,ACE Market
Nestle (Malaysia) Berhad,4707,Main Market
Netx Holdings Berhad,0020,ACE Market
NEW Hoong Fatt Holdings Berhad,7060,Main Market
Nexgram Holdings Berhad,0096,ACE Market
Nextgreen Global Berhad,7241,Main Market
NI Hsin Group Berhad,7215,Main Market
Niche Capital Emas Holdings Berhad,7139,Main Market
Notion Vtec Berhad,0083,ACE Market
Nova MSC Berhad,0026,ACE Market
Nova Pharma Solutions Berhad,03006,LEAP Market
Nova Wellness Group Berhad,0201,ACE Market
Novelplus Technology Berhad,03045,LEAP Market
NPC Resources Berhad,5047,Main Market
Ntpm Holdings Berhad,5066,Main Market
Nylex (Malaysia) Berhad,4944,Main Market
OCB Berhad,5533,Main Market
Ocean Fresh Berhad,0312,ACE Market
Ocean Vantage Holdings Berhad,0220,ACE Market
Oceancash Pacific Berhad,0049,ACE Market
OCK Group Berhad,0172,ACE Market
OCR Group Berhad,7071,Main Market
OKA Corporation Bhd,7140,Main Market
Olympia Industries Berhad,3018,Main Market
OM Holdings Limited,5298,Main Market
Omesti Berhad,9008,Main Market
ONE Glove Group Berhad,5079,Main Market
Onetech Solutions Holdings Berhad,03041,LEAP Market
Only World Group Holdings Berhad,5260,Main Market
Opensys (M) Berhad,0040,ACE Market
Oppstar Berhad,0275,ACE Market
Optimax Holdings Berhad,0222,ACE Market
Orgabio Holdings Berhad,0252,ACE Market
Oriental Food Industries Holdings Berhad,7107,Main Market
Oriental Holdings Berhad,4006,Main Market
Oriental Interest Berhad,5827,Main Market
Ornapaper Berhad,5065,Main Market
OSK Holdings Berhad,5053,Main Market
OSK Ventures International Berhad,0053,ACE Market
Oversea Enterprise Berhad,0153,ACE Market
P.a. Resources Berhad,7225,Main Market
P.i.e. Industrial Berhad,7095,Main Market
Pacific & Orient Berhad,6009,Main Market
Padini Holdings Berhad,7052,Main Market
PAN Malaysia Corporation Berhad,4081,Main Market
PAN Malaysia Holdings Berhad,1287,Main Market
Panasonic Manufacturing Malaysia Berhad,3719,Main Market
Panda ECO System Berhad,0290,ACE Market
Pansar Berhad,8419,Main Market
Pantech Group Holdings Berhad,5125,Main Market
Paos Holdings Berhad,5022,Main Market
Pappajack Berhad,0242,ACE Market
Paragon Globe Berhad,3611,Main Market
Paragon Union Berhad,9407,Main Market
Paramount Corporation Berhad,1724,Main Market
Parkson Holdings Berhad,5657,Main Market
Parkwood Holdings Berhad,2682,Main Market
Parlo Berhad,0022,ACE Market
Pasdec Holdings Berhad,6912,Main Market
Pasukhas Group Berhad,0177,ACE Market
Pavilion Real Estate Investment Trust,5212,Main Market
PBA Holdings Bhd,5041,Main Market
PBS Berhad,5231,Main Market
Pccs Group Berhad,6068,Main Market
PDZ Holdings Bhd,6254,Main Market
Pecca Group Berhad,5271,Main Market
Pegasus Heights Berhad,4464,Main Market
Pekat Group Berhad,0233,ACE Market
Pensonic Holdings Berhad,9997,Main Market
Pentamaster Corporation Berhad,7160,Main Market
Perak Corporation Berhad,8346,Main Market
Perak Transit Berhad,0186,ACE Market
Perdana Petroleum Berhad,7108,Main Market
Permaju Industries Berhad,7080,Main Market
Pertama Digital Berhad,8532,Main Market
Perusahaan Sadur Timah Malaysia (Perstima) Bhd,5436,Main Market
Pesona Metro Holdings Berhad,8311,Main Market
Pestech International Berhad,5219,Main Market
Peterlabs Holdings Berhad,0171,ACE Market
Petra Energy Berhad,5133,Main Market
Petron Malaysia Refining & Marketing Bhd,3042,Main Market
Petronas Chemicals Group Berhad,5183,Main Market
Petronas Dagangan Bhd,5681,Main Market
Petronas GAS Berhad,6033,Main Market
PGF Capital Berhad,8117,Main Market
Pharmaniaga Berhad,7081,Main Market
Pimpinan Ehsan Berhad,5622,Main Market
Pineapple Resources Berhad,0006,ACE Market
Pinehill Pacific Berhad,1902,Main Market
Pintaras Jaya Bhd,9598,Main Market
Pjbumi Berhad,7163,Main Market
PLB Engineering Berhad,7055,Main Market
Plenitude Berhad,5075,Main Market
PLS Plantations Berhad,9695,Main Market
Plytec Holding Berhad,0289,ACE Market
PMB Technology Berhad,7172,Main Market
PNE PCB Berhad,6637,Main Market
POH Huat Resources Holdings Berhad,7088,Main Market
POH Kong Holdings Berhad,5080,Main Market
Polydamic Group Berhad,03031,LEAP Market
POS Malaysia Berhad,4634,Main Market
Power Root Berhad,7237,Main Market
Powerwell Holdings Berhad,0217,ACE Market
PPB Group Berhad,4065,Main Market
Press Metal Aluminium Holdings Berhad,8869,Main Market
Prestar Resources Berhad,9873,Main Market
PRG Holdings Berhad,7168,Main Market
Principal Ftse Asean 40 Malaysia ETF,0822EA,Main Market
Principal Ftse China 50 ETF,0823EA,Main Market
Privasia Technology Berhad,0123,ACE Market
Progressive Impact Corporation Berhad,7201,Main Market
Prolintas Infra Business Trust,5320,Main Market
Propel Global Berhad,0091,ACE Market
Protasco Berhad,5070,Main Market
PT Resources Holdings Berhad,0260,ACE Market
PTT Synergy Group Berhad,7010,Main Market
Public Bank Berhad,1295,Main Market
Public Packages Holdings Bhd,8273,Main Market
PUC Berhad,0007,ACE Market
Puncak Niaga Holdings Berhad,6807,Main Market
PWF Corporation Berhad,7134,Main Market
QES Group Berhad,0196,ACE Market
QL Resources Berhad,7084,Main Market
Quality Concrete Holdings Berhad,7544,Main Market
Radiant Globaltech Berhad,0202,ACE Market
Radium Development Berhad,5313,Main Market
Ralco Corporation Berhad,7498,Main Market
Ramssol Group Berhad,0236,ACE Market
Ranhill Utilities Berhad,5272,Main Market
Rapid Synergy Berhad,7765,Main Market
RAY GO Solar Holdings Berhad,03052,LEAP Market
RCE Capital Berhad,9296,Main Market
Reach Energy Berhad,5256,Main Market
RED Ideas Holdings Berhad,03002,LEAP Market
RED Sena Berhad,5270,Main Market
Redplanet Berhad,03036,LEAP Market
Redtone Digital Berhad,0032,ACE Market
Rekatech Capital Berhad,0081,ACE Market
Reneuco Berhad,7130,Main Market
Reservoir Link Energy Bhd,0219,ACE Market
Resintech Berhad,7232,Main Market
Revenue Group Berhad,0200,ACE Market
REX Industry Berhad,9946,Main Market
Rexit Berhad,0106,ACE Market
RGB International Bhd,0037,ACE Market
RGT Berhad,9954,Main Market
RHB Bank Berhad,1066,Main Market
Rhone MA Holdings Berhad,5278,Main Market
Rhong Khen International Berhad,7006,Main Market
Rimbunan Sawit Berhad,5113,Main Market
Riverview Rubber Estates Berhad,2542,Main Market
Rohas Tecnic Berhad,9741,Main Market
RTS Technology Holdings Berhad,03039,LEAP Market
S & F Capital Berhad,8745,Main Market
S P Setia Berhad,8664,Main Market
Safetyware Group Berhad,03056,LEAP Market
Salcon Berhad,8567,Main Market
Salutica Berhad,0183,ACE Market
SAM Engineering & Equipment (M) Berhad,9822,Main Market
Samaiden Group Berhad,0223,ACE Market
Samchem Holdings Berhad,5147,Main Market
Sancy Berhad,03057,LEAP Market
Sanichi Technology Berhad,0133,ACE Market
Sapura Energy Berhad,5218,Main Market
Sapura Industrial Berhad,7811,Main Market
Sapura Resources Berhad,4596,Main Market
Sarawak Cable Berhad,5170,Main Market
Sarawak Consolidated Industries Berhad,9237,Main Market
Sarawak OIL Palms Berhad,5126,Main Market
Sarawak Plantation Berhad,5135,Main Market
Sasbadi Holdings Berhad,5252,Main Market
Saudee Group Berhad,5157,Main Market
SBC Corporation Berhad,5207,Main Market
SBH Marine Holdings Berhad,0300,ACE Market
SC Estate Builder Berhad,0109,ACE Market
Scanwolf Corporation Berhad,7239,Main Market
SCC Holdings Berhad,0158,ACE Market
Scgm Bhd,7247,Main Market
Scicom (MSC) Berhad,0099,ACE Market
Scientex Berhad,4731,Main Market
Scientex Packaging (Ayer Keroh) Berhad,8125,Main Market
Scomi Energy Services Bhd,7045,Main Market
Scope Industries Berhad,0028,ACE Market
SD Guthrie Berhad,5285,Main Market
SDS Group Berhad,0212,ACE Market
Seacera Group Berhad,7073,Main Market
Seal Incorporated Berhad,4286,Main Market
Sealink International Berhad,5145,Main Market
Securemetric Berhad,0203,ACE Market
Sedania Innovator Berhad,0178,ACE Market
SEE HUP Consolidated Berhad,7053,Main Market
Seers Berhad,03009,LEAP Market
SEG International Bhd,9792,Main Market
Selangor Dredging Berhad,2224,Main Market
Seng Fong Holdings Berhad,5308,Main Market
Senheng NEW Retail Berhad,5305,Main Market
Seni Jaya Corporation Berhad,9431,Main Market
Sentoria Group Berhad,5213,Main Market
Sentral REIT,5123,Main Market
Seremban Engineering Berhad,5163,Main Market
Sern KOU Resources Berhad,7180,Main Market
Sersol Berhad,0055,ACE Market
SFP Tech Holdings Berhad,0251,ACE Market
Shangri-la Hotels (Malaysia) Berhad,5517,Main Market
SHH Resources Holdings Berhad,7412,Main Market
Shin Yang Group Berhad,5173,Main Market
SHL Consolidated Bhd,6017,Main Market
Siab Holdings Berhad,0241,ACE Market
Signature International Berhad,7246,Main Market
Silver Ridge Holdings Bhd,0129,ACE Market
Sime Darby Berhad,4197,Main Market
Sime Darby Property Berhad,5288,Main Market
SIN Heng Chan (Malaya) Berhad,4316,Main Market
Sinaran Advance Group Berhad,5172,Main Market
Sin-kung Logistics Berhad,0305,ACE Market
Sinmah Capital Berhad,9776,Main Market
SKB Shutters Corporation Berhad,7115,Main Market
SKP Resources Bhd,7155,Main Market
Skyworld Development Berhad,5315,Main Market
SL Innovation Capital Berhad,03008,LEAP Market
SLP Resources Berhad,7248,Main Market
Smart Asia Chemical Bhd,0306,ACE Market
Smile-link Healthcare Global Berhad,03023,LEAP Market
Smis Corporation Berhad,7132,Main Market
Smrt Holdings Berhad,0117,ACE Market
Smtrack Berhad,0169,ACE Market
Snowfit Group Berhad,03054,LEAP Market
SNS Network Technology Berhad,0259,ACE Market
Solarvest Holdings Berhad,0215,ACE Market
Solid Automotive Berhad,5242,Main Market
Solution Group Berhad,0093,ACE Market
South Malaysia Industries Berhad,4375,Main Market
Southern Acids (M) Berhad,5134,Main Market
Southern Cable Group Berhad,0225,ACE Market
Southern Score Builders Berhad,0045,ACE Market
Southern Steel Berhad,5665,Main Market
Sports Toto Berhad,1562,Main Market
Spring ART Holdings Berhad,0216,ACE Market
Spritzer Bhd,7103,Main Market
SSF Home Group Berhad,0287,ACE Market
Star Media Group Berhad,6084,Main Market
Steel Hawk Berhad,03049,LEAP Market
Straits Energy Resources Berhad,0080,ACE Market
Subur Tiasa Holdings Berhad,6904,Main Market
Success Transformer Corporation Berhad,7207,Main Market
Sungei Bagan Rubber Company (Malaya) Berhad,2569,Main Market
Sunmow Holding Berhad,03050,LEAP Market
Sunsuria Berhad,3743,Main Market
Sunview Group Berhad,0262,ACE Market
Sunway Berhad,5211,Main Market
Sunway Construction Group Berhad,5263,Main Market
Sunway Real Estate Investment Trust,5176,Main Market
Sunzen Biotech Berhad,0148,ACE Market
Supercomnet Technologies Berhad,0001,ACE Market
Supergenics Berhad,03033,LEAP Market
Superlon Holdings Berhad,7235,Main Market
Supermax Corporation Berhad,7106,Main Market
Supreme Consolidated Resources Berhad,03018,LEAP Market
Suria Capital Holdings Berhad,6521,Main Market
Swift Haulage Berhad,5303,Main Market
SWS Capital Berhad,7186,Main Market
Syarikat Takaful Malaysia Keluarga Berhad,6139,Main Market
Sycal Ventures Berhad,9717,Main Market
Symphony Life Berhad,1538,Main Market
Synergy House Berhad,0279,ACE Market
Systech Bhd,0050,ACE Market
T7 Global Berhad,7228,Main Market
TA ANN Holdings Berhad,5012,Main Market
TA WIN Holdings Berhad,7097,Main Market
Tafi Industries Berhad,7211,Main Market
Talam Transform Berhad,2259,Main Market
Taliworks Corporation Berhad,8524,Main Market
Tambun Indah Land Berhad,5191,Main Market
TAN Chong Motor Holdings Berhad,4405,Main Market
Tanco Holdings Berhad,2429,Main Market
TAS Offshore Berhad,5149,Main Market
Tasco Berhad,5140,Main Market
Tashin Holdings Berhad,0211,ACE Market
TCS Group Holdings Berhad,0221,ACE Market
TDM Berhad,2054,Main Market
Techbase Industries Berhad,8966,Main Market
Techbond Group Berhad,5289,Main Market
Techna-x Berhad,2739,Main Market
Technodex Bhd,0132,ACE Market
Teck Guan Perdana Berhad,7439,Main Market
TEK Seng Holdings Berhad,7200,Main Market
Teladan Group Berhad,0230,ACE Market
Telekom Malaysia Berhad,4863,Main Market
Tenaga Nasional Bhd,5347,Main Market
TEO Guan LEE Corporation Berhad,9369,Main Market
TEO Seng Capital Berhad,7252,Main Market
TEX Cycle Technology (M) Berhad,0089,ACE Market
Texchem Resources Berhad,8702,Main Market
TFP Solutions Berhad,0145,ACE Market
TH Plantations Berhad,5112,Main Market
Theta Edge Berhad,9075,Main Market
Thong Guan Industries Berhad,7034,Main Market
Three-a Resources Berhad,0012,ACE Market
Thriven Global Berhad,7889,Main Market
Tien WAH Press Holdings Berhad,7374,Main Market
Timberwell Berhad,7854,Main Market
Time Dotcom Berhad,5031,Main Market
Tiong NAM Logistics Holdings Berhad,8397,Main Market
Titijaya Land Berhad,5239,Main Market
TMC Life Sciences Berhad,0101,ACE Market
Tomei Consolidated Berhad,7230,Main Market
Tomypak Holdings Berhad,7285,Main Market
Tong Herr Resources Berhad,5010,Main Market
TOP Glove Corporation Bhd,7113,Main Market
Topmix Berhad,0302,ACE Market
Topvision EYE Specialist Berhad,03013,LEAP Market
Total Dynamic Holdings Berhad,03058,LEAP Market
Tower Real Estate Investment Trust,5111,Main Market
Toyo Ventures Holdings Berhad,7173,Main Market
TPC Plus Berhad,7176,Main Market
Tradeplus DWA Malaysia Momentum Tracker,0836EA,Main Market
Tradeplus Msci Asia EX Japan Reits Tracker,0837EA,Main Market
Tradeplus S&p NEW China Tracker-myr,0829EA,Main Market
Tradeplus S&p NEW China Tracker-usd,0829EB,Main Market
Tradeplus Shariah Gold Tracker,0828EA,Main Market
TRC Synergy Berhad,5054,Main Market
Tri-mode System (M) Berhad,0199,ACE Market
Trive Property Group Berhad,0118,ACE Market
Tropicana Corporation Berhad,5401,Main Market
TSA Group Berhad,0297,ACE Market
TSH Resources Berhad,9059,Main Market
TSR Capital Berhad,5042,Main Market
TT Vision Holdings Berhad,0272,ACE Market
Tuju Setia Berhad,5297,Main Market
Tune Protect Group Berhad,5230,Main Market
Turbo-mech Berhad,5167,Main Market
Turiya Berhad,4359,Main Market
TWL Holdings Berhad,7079,Main Market
Uchi Technologies Berhad,7100,Main Market
UCI Resources Berhad,03043,LEAP Market
Ucrest Berhad,0005,ACE Market
UEM Edgenta Berhad,1368,Main Market
UEM Sunrise Berhad,5148,Main Market
Umedic Group Berhad,0256,ACE Market
UMS Holdings Berhad,7137,Main Market
Ums-neiken Group Berhad,7227,Main Market
UNI Wall APS Holdings Berhad,03017,LEAP Market
Unimech Group Berhad,7091,Main Market
Unique Fire Holdings Berhad,0257,ACE Market
Unisem (M) Berhad,5005,Main Market
United Malacca Berhad,2593,Main Market
United Plantations Berhad,2089,Main Market
United U-li Corporation Berhad,7133,Main Market
Unitrade Industries Berhad,0247,ACE Market
UOA Development Bhd,5200,Main Market
UOA Real Estate Investment Trust,5110,Main Market
UPA Corporation Bhd,7757,Main Market
UUE Holdings Berhad,0310,ACE Market
UWC Berhad,5292,Main Market
Uzma Berhad,7250,Main Market
V.s. Industry Berhad,6963,Main Market
Varia Berhad,5006,Main Market
Velesto Energy Berhad,5243,Main Market
Velocity Capital Partner Berhad,7165,Main Market
Versatile Creative Berhad,4995,Main Market
Vestland Berhad,0273,ACE Market
Vinvest Capital Holdings Berhad,0069,ACE Market
Visdynamics Holdings Berhad,0120,ACE Market
Vitrox Corporation Berhad,0097,ACE Market
Vizione Holdings Berhad,7070,Main Market
Volcano Berhad,0232,ACE Market
Vp-dj Shariah China A-shares 100 ETF - MYR,0838EA,Main Market
Vsolar Group Berhad,0066,ACE Market
Vstecs Berhad,5162,Main Market
Waja Konsortium Berhad,0102,ACE Market
Wang-zheng Berhad,7203,Main Market
Warisan TC Holdings Berhad,5016,Main Market
Wasco Berhad,5142,Main Market
Watta Holding Berhad,7226,Main Market
WCE Holdings Berhad,3565,Main Market
WCT Holdings Berhad,9679,Main Market
Wegmans Holdings Berhad,0197,ACE Market
Well Chip Group Berhad,5325,Main Market
Wellcall Holdings Berhad,7231,Main Market
Wellspire Holdings Berhad,0271,ACE Market
Wentel Engineering Holdings Berhad,0298,ACE Market
Westports Holdings Berhad,5246,Main Market
White Horse Berhad,5009,Main Market
Widad Group Berhad,0162,ACE Market
Willowglen MSC Berhad,0008,ACE Market
WMG Holdings Berhad,6378,Main Market
Wong Engineering Corporation Berhad,7050,Main Market
Woodlandor Holdings Bhd,7025,Main Market
WTK Holdings Berhad,4243,Main Market
Xidelang Holdings LTD,5156,Main Market
XIN HWA Holdings Berhad,5267,Main Market
XIN Synergy Group Berhad,7043,Main Market
XL Holdings Berhad,7121,Main Market
XOX Bhd,0165,ACE Market
XOX Networks Berhad,0140,ACE Market
XOX Technology Berhad,0017,ACE Market
Y&g Corporation Bhd,7003,Main Market
Y.s.p. Southeast Asia Holding Berhad,7178,Main Market
YB Ventures Berhad,5048,Main Market
YBS International Berhad,0025,ACE Market
Yenher Holdings Berhad,5300,Main Market
YEW LEE Pacific Group Berhad,0248,ACE Market
YGL Convergence Berhad,0086,ACE Market
Yinson Holdings Berhad,7293,Main Market
YLI Holdings Berhad,7014,Main Market
YNH Property Berhad,3158,Main Market
Yong TAI Berhad,7066,Main Market
Yoong ONN Corporation Berhad,5159,Main Market
YTL Corporation Berhad,4677,Main Market
YTL Hospitality REIT,5109,Main Market
YTL Power International Bhd,6742,Main Market
YX Precious Metals Bhd,0250,ACE Market
Zantat Holdings Berhad,0301,ACE Market
Zecon Berhad,7028,Main Market
Zelan Berhad,2283,Main Market
ZEN Tech International Berhad,0094,ACE Market
Zhulian Corporation Berhad,5131,Main Market
