asx_code,name,market_cap_aud,scope1_t,scope2_t,s12_t,revenue_aud,cost_paid_aud,cost_paid_pct_mcap,cost_paid_pct_rev,cost_ngfs_nz30_aud,cost_ngfs_nz30_pct_mcap,cost_ngfs_nz30_pct_rev,cost_epa_scc_aud,cost_epa_scc_pct_mcap,cost_epa_scc_pct_rev,cost_bilal_aud,cost_bilal_pct_mcap,cost_bilal_pct_rev,unpriced_gap_aud
BCB,Bowen Coking Coal Ltd,8080000.0,173658.0,749.0,174407.0,,5676947.850000001,70.25925556930693,,35143010.5,434.93824876237625,,51362861.5,635.6789789603961,,285469377.59999996,3533.036851485148,,45685913.65
AGL,AGL Energy Ltd,5700000000.0,30439497.0,247661.0,30687158.0,13500000000.0,998866992.9000001,17.52398233157895,7.399014762222223,6183462337.0,108.48179538596492,45.80342471851852,9037368031.0,158.55031633333334,66.9434668962963,50228740214.4,881.2059686736842,372.0647423288889,8038501038.1
AQZ,Alliance Aviation Services Ltd,82141032.0,224401.0,758.0,225159.0,,7328925.450000001,8.922368360309864,,45369538.5,55.2337088971563,,66309325.5,80.72618992661305,,368540251.2,448.66766611843883,,58980400.05
AAI,Alcoa Corporation,4000000000.0,5312947.0,3261567.0,8574514.0,,279100430.70000005,6.977510767500001,,1727764571.0,43.194114275,,2525194373.0,63.129859325,,14034764515.199999,350.86911288,,2246093942.3
GRR,Grange Resources Ltd,179390000.0,215966.0,36822.0,252788.0,,8228249.400000001,4.58679380121523,,50936782.0,28.394437817046658,,74446066.0,41.49956296337589,,413763398.4,230.6502025753944,,66217816.6
CTP,Central Petroleum Ltd,48930000.0,61533.0,103.0,61636.0,,2006251.8000000003,4.100248927038627,,12419654.0,25.382493357858166,,18151802.0,37.09749029225424,,100885804.8,206.18394604537093,,16145550.2
VGN,Virgin Australia Holdings Ltd,2080000000.0,2215462.0,7423.0,2222885.0,,72354906.75000001,3.4786012860576934,,447911327.5,21.5341984375,,654639632.5,31.47305925480769,,3638418168.0,174.92395038461538,,582284725.75
ORG,Origin Energy Ltd,19000000000.0,15797721.0,2251142.91,18048863.91,16500000000.0,587490520.2705001,3.092055369844737,3.5605486077000004,3636846077.8650002,19.141295146657896,22.041491381,5315390421.495,27.9757390605,32.214487403,29542380447.888,155.48621288362105,179.0447299872,4727899901.2245
LAU,Lindsay Australia Ltd,197780000.0,137912.0,8870.0,146782.0,,4777754.100000001,2.4156912225705334,,29576573.0,14.954278996865204,,43227299.0,21.856253918495298,,240252777.6,121.47475862068966,,38449544.9
BSL,Bluescope Steel Ltd,14540000000.0,6223931.05,786480.54,7010411.59,17500000000.0,228188897.25450003,1.5693871888204955,1.3039365557400002,1412597935.385,9.715254026031637,8.0719882022,2064566213.2549999,14.199217422661624,11.7975212186,11474641690.512,78.91775578068776,65.56938108864,1836377316.0004997
SMR,Stanmore Resources Ltd,2490000000.0,1027380.37,108419.21,1135799.58,,36970276.329,1.4847500533734943,,228863615.37,9.191309854216868,,334492976.31,13.433452863855422,,1859076752.5440001,74.66171696963856,,297522699.981
WHC,Whitehaven Coal Ltd,5700000000.0,1957746.0,271469.0,2229215.0,2900000000.0,72560948.25000001,1.2729990921052634,2.502101663793104,449186822.5,7.880470570175438,15.489200775862068,656503817.5,11.517610833333332,22.638062672413792,3648779112.0,64.01366863157895,125.81996937931035,583942869.25
FEX,FENIX Resources Ltd,210360000.0,70534.0,1242.0,71776.0,,2336308.8000000003,1.1106240730176842,,14462864.0,6.875291880585663,,21138032.0,10.048503517779045,,117482956.8,55.848524814603536,,18801723.2
QAN,Qantas Airways Ltd,14000000000.0,4622401.0,57564.0,4679965.0,21900000000.0,152332860.75000003,1.0880918625000002,0.6955838390410961,943012947.5,6.7358067678571425,4.305995194063927,1378249692.5,9.844640660714285,6.293377591324201,7660166712.0,54.71547651428571,34.97793019178082,1225916831.75
29M,29METALS Ltd,437520000.0,34841.0,100247.0,135088.0,,4397114.4,1.005008776741635,,27220232.0,6.221482903638691,,39783416.0,9.092936551471933,,221112038.4,50.53758420186506,,35386301.6
VEA,Viva Energy Group Ltd,5000000000.0,1083012.82,363729.83,1446742.6500000001,31500000000.0,47091473.25750001,0.9418294651500002,0.14949674050000003,291518643.975,5.8303728795000005,0.9254560126190478,426065710.425,8.5213142085,1.352589556904762,2368028369.52,47.3605673904,7.517550379428571,378974237.1675
AIS,Aeris Resources Ltd,460909981.0,46358.0,84582.0,130940.0,,4262097.000000001,0.924713539670559,,26384410.0,5.724417150341554,,38561830.0,8.36645583511458,,214322592.0,46.49988085200524,,34299733.0
AEL,Amplitude Energy Ltd,457320000.0,112315.0,2990.0,115305.0,,3753177.7500000005,0.8206896155864604,,23233957.5,5.080459525059039,,33957322.5,7.4252869981632115,,188731224.0,41.26896352663343,,30204144.75
BPT,Beach Energy Ltd,2450000000.0,543777.0,23284.0,567061.0,1700000000.0,18457835.55,0.7533810428571428,1.0857550323529412,114262791.5,4.663787408163265,6.7213406764705885,166999464.5,6.8163046734693875,9.823497911764706,928165444.8,37.88430386938776,54.59796734117647,148541628.95
WDS,Woodside Energy Group Ltd,37000000000.0,8178233.0,5443.0,8183676.0,18000000000.0,266378653.80000004,0.7199423075675677,1.4798814100000002,1649010714.0,4.456785713513513,9.161170633333333,2410092582.0,6.513763735135135,13.389403233333333,13395040876.8,36.20281318054054,74.41689376,2143713928.2
CWY,Cleanaway Waste Management Ltd,5600000000.0,1082265.0,52035.0,1134300.0,3900000000.0,36921465.00000001,0.6593118750000002,0.946704230769231,228561450.0,4.081454464285715,5.86055,334051350.0,5.965202678571429,8.565419230769232,1856622240.0,33.15396857142857,47.60569846153846,297129885.0
STO,Santos Ltd,19000000000.0,2770980.0,794219.0,3565199.0,5400000000.0,116047227.45000002,0.6107748813157896,2.149022730555556,718387598.5,3.780987360526316,13.303474046296296,1049951105.5,5.52605845,19.44353899074074,5835517723.2,30.713251174736843,108.06514302222222,933903878.05
MYR,Myer Holdings Ltd,424030000.0,1510.0,74682.0,76192.0,,2480049.6,0.5848759757564324,,15352688.0,3.6206608023017237,,22438544.0,5.291735018748674,,124711065.6,29.41090620946631,,19958494.4
S32,South32 Ltd,20320000000.0,3476916.0,28306.0,3505222.0,9000000000.0,114094976.10000001,0.5614910241141732,1.2677219566666666,706302233.0,3.475896815944882,7.8478025888888885,1032287879.0,5.08015688484252,11.469865322222223,5737347369.599999,28.234977212598427,63.748304106666666,918192902.9
NHC,New Hope Corporation Ltd,5160000000.0,771327.0,65918.0,837245.0,1700000000.0,27252324.750000004,0.5281458284883722,1.6030779264705886,168704867.5,3.269474176356589,9.923815735294118,246568652.5,4.778462257751938,14.504038382352942,1370402616.0,26.55819023255814,80.6119185882353,219316327.75
SGR,The Star Entertainment Group Ltd,663620000.0,9433.0,97645.0,107078.0,,3485388.9000000004,0.5252085380187458,,21576217.0,3.2512909496398543,,31534471.0,4.751886772550556,,175265270.4,26.410486483228354,,28049082.1
AMI,Aurelia Metals Ltd,474152513.0,18938.0,56723.0,75661.0,,2462765.5500000003,0.5194036691734248,,15245691.5,3.2153560472640583,,22282164.5,4.6993665306167,,123841924.8,26.118584507006503,,19819398.95
BGA,Bega Cheese Ltd,1660000000.0,86875.0,153924.0,240799.0,3500000000.0,7838007.450000001,0.472169123493976,0.22394307000000002,48520998.5,2.9229517168674697,1.3863142428571429,70915305.5,4.272006355421687,2.0261515857142856,394139803.2,23.743361638554216,11.261137234285714,63077298.05
ILU,Iluka Resources Ltd,3600000000.0,421598.0,69417.0,491015.0,,15982538.250000002,0.4439593958333334,,98939522.5,2.7483200694444445,,144603917.5,4.016775486111111,,803693352.0,22.324815333333333,,128621379.25
AZJ,Aurizon Holdings Ltd,7300000000.0,703766.0,270624.0,974390.0,,31716394.500000004,0.43447115753424664,,196339585.0,2.6895833561643836,,286957855.0,3.930929520547945,,1594881552.0,21.847692493150685,,255241460.5
ALD,Ampol Ltd,8700000000.0,653888.44,195857.61,849746.0499999999,32000000000.0,27659233.927500002,0.3179222290517241,0.0864351060234375,171223829.075,1.9680899893678159,0.5350744658593749,250250211.725,2.876439215229885,0.782031911640625,1390864334.6399999,15.986946375172414,4.34645104575,222590977.79749998
ING,Inghams Group Ltd,2000000000.0,63122.0,125684.0,188806.0,3300000000.0,6145635.300000001,0.30728176500000004,0.18623137272727278,38044409.0,1.90222045,1.1528608787878787,55603367.0,2.78016835,1.6849505151515152,309037660.8,15.45188304,9.3647776,49457731.7
ORI,Orica Ltd,9900000000.0,744604.95,144285.71,888890.6599999999,8100000000.0,28933390.983000003,0.2922564745757576,0.35720235781481485,179111467.98999998,1.809206747373737,2.2112526912345674,261778299.36999997,2.6442252461616156,3.2318308564197524,1454936232.2879999,14.696325578666665,17.96217570725926,232844908.38699996
RIO,Rio Tinto Ltd,166000000000.0,7492899.92,6938447.36,14431347.280000001,82800000000.0,469740353.9640001,0.28297611684578317,0.5673192680724639,2907916476.92,1.7517569138072289,3.5119764214009663,4250031773.9600005,2.560260104795181,5.13288861589372,23621229227.904003,14.229656161387954,28.528054623072467,3780291419.9960003
SGH,SGH Ltd,16930000000.0,1191558.0,266310.0,1457868.0,,47453603.400000006,0.28029299113998823,,293760402.0,1.7351470880094506,,429342126.0,2.535984205552274,,2386238342.4,14.094733268753691,,381888522.6
WGX,Westgold Resources Ltd,2600000000.0,183116.0,20828.0,203944.0,,6638377.200000001,0.25532220000000005,,41094716.0,1.580566,,60061508.0,2.310058,,333815539.2,12.8390592,,53423130.8
FBU,Fletcher Building Ltd,2840000000.0,45568.0,175737.0,221305.0,,7203477.750000001,0.2536435827464789,,44592957.5,1.570174559859155,,65174322.5,2.2948705105633804,,362232024.0,12.754648732394367,,57970844.75
VAU,Vault Minerals Ltd,4150000000.0,280892.0,19832.0,300724.0,,9788566.200000001,0.235869065060241,,60595886.0,1.4601418313253012,,88563218.0,2.1340534457831324,,492225043.2,11.860844414457832,,78774651.8
SGLLV,Ricegrowers Ltd,871418411.0,9679.0,52776.0,62455.0,1900000000.0,2032910.2500000002,0.23328750280443641,0.10699527631578949,12584682.5,1.444160731646511,0.6623517105263158,18392997.5,2.1106964539449007,0.9680525,102226344.0,11.731028712451659,5.380333894736842,16360087.25
EDV,Endeavour Group Ltd,5330000000.0,73548.0,283010.0,356558.0,12600000000.0,11605962.900000002,0.2177478968105066,0.09211081666666669,71846437.0,1.3479631707317072,0.5702098174603175,105006331.0,1.9701000187617261,0.8333835793650793,583614134.4,10.94960852532833,4.631858209523809,93400368.1
RRL,Regis Resources Ltd,3300000000.0,190620.0,52.0,190672.0,,6206373.600000001,0.18807192727272729,,38420408.0,1.164254787878788,,56152904.0,1.7016031515151515,,312091929.59999996,9.457331199999999,,49946530.4
COL,Coles Group Ltd,23000000000.0,256791.0,1041747.0,1298538.0,42500000000.0,42267411.900000006,0.18377135608695655,0.09945273388235296,261655407.0,1.1376322043478262,0.6156597811764706,382419441.0,1.6626932217391304,0.8998104494117647,2125446998.3999999,9.241073906086957,5.001051760941176,340152029.1
ORA,Orora Ltd,3900000000.0,147960.03,72187.06,220147.09,,7165787.779500001,0.18373814819230774,,44359638.635,1.1374266316666666,,64833318.005,1.6623927693589744,,360336756.912,9.239404023384614,,57667530.2255
MIN,Mineral Resources Ltd,13000000000.0,710265.0,15946.0,726211.0,5300000000.0,23638168.050000004,0.18183206192307697,0.44600317075471707,146331516.5,1.12562705,2.7609720094339623,213869139.5,1.645147226923077,4.0352667830188675,1188662164.8,9.143555113846153,22.42758801509434,190230971.45
EVN,Evolution Mining Ltd,15000000000.0,202345.0,616462.0,818807.0,,26652167.850000005,0.17768111900000003,,164989610.5,1.0999307366666666,,241138661.5,1.6075910766666666,,1340223297.6,8.934821984,,214486493.65
FMG,Fortescue Ltd,67000000000.0,2255843.0,806331.0,3062174.0,18300000000.0,99673763.70000002,0.14876681149253734,0.5446653754098362,617028061.0,0.920937404477612,3.371738038251366,901810243.0,1.3459854373134328,4.927924825136612,5012166403.2,7.480845377910447,27.388887449180327,802136479.3
NST,Northern Star Resources Ltd,25000000000.0,799233.0,305922.0,1105155.0,5200000000.0,35972795.25000001,0.14389118100000003,0.6917845240384617,222688732.5,0.89075493,4.282475625,325468147.5,1.30187259,6.259002836538461,1808917704.0,7.235670816,34.78687892307692,289495352.25
QUB,QUBE Holdings Ltd,10000000000.0,414854.0,22218.0,437072.0,,14226693.600000001,0.142266936,,88070008.0,0.88070008,,128717704.0,1.28717704,,715399449.6,7.153994496,,114491010.4
TPG,TPG Telecom Ltd,5700000000.0,3022.0,221305.0,224327.0,5400000000.0,7301843.850000001,0.12810252368421052,0.13521933055555554,45201890.5,0.7930156228070175,0.8370720462962963,66064301.5,1.1590228333333332,1.2234129907407407,367178433.59999996,6.441726905263158,6.799600622222222,58762457.65
NXT,NEXTDC Ltd,9600000000.0,7919.0,358353.0,366272.0,400000000.0,11922153.600000001,0.12418910000000002,2.980538400000001,73803808.0,0.7687896666666667,18.450952,107867104.0,1.1236156666666666,26.966776,599514009.6,6.2449376,149.8785024,95944950.4
WOW,Woolworths Group Ltd,42000000000.0,359077.0,1231627.0,1590704.0,68000000000.0,51777415.20000001,0.12327956000000002,0.07614325764705884,320526856.0,0.763159180952381,0.4713630235294118,468462328.0,1.1153864952380952,0.6889151882352941,2603664307.2,6.19920073142857,3.828918098823529,416684912.8
DOW,Downer Edi Ltd,5300000000.0,170883.0,29572.0,200455.0,12000000000.0,6524810.250000001,0.12310962735849058,0.05437341875000001,40391682.5,0.762107216981132,0.33659735416666664,59033997.5,1.1138490094339624,0.49194997916666666,328104744.0,6.190655547169811,2.7342062,52509187.25
BKW,Brickworks Ltd,5200000000.0,143117.0,42572.92,185689.91999999998,,6044206.896000001,0.116234748,,37416518.879999995,0.71954844,,54685681.44,1.05164772,,303937261.056,5.844947328,,48641474.544
ALK,Alkane Resources Ltd,1900000000.0,11678.0,52689.0,64367.0,,2095145.8500000003,0.11027083421052633,,12969950.5,0.6826289736842105,,18956081.5,0.9976885,,105355905.6,5.545047663157895,,16860935.65
MTS,Metcash Ltd,3300000000.0,35786.0,67819.0,103605.0,18900000000.0,3372342.7500000005,0.10219220454545457,0.017843083333333336,20876407.5,0.632618409090909,0.11045718253968254,30511672.5,0.9245961363636364,0.16143742063492064,169580664.0,5.138808,0.8972521904761904,27139329.75
GMD,Genesis Minerals Ltd,5950000000.0,174709.0,1486.0,176195.0,,5735147.250000001,0.09638902941176472,,35503292.5,0.5966939915966386,,51889427.5,0.8720912184873949,,288395976.0,4.846991193277311,,46154280.25
RMS,Ramelius Resources Ltd,5560000000.0,102416.0,19668.0,122084.0,,3973834.2000000007,0.07147183812949641,,24599926.0,0.4424447122302158,,35953738.0,0.646649964028777,,199827091.2,3.594012431654676,,31979903.8
BHP,BHP Group Ltd,216000000000.0,3379337.0,1327099.0,4706436.0,85800000000.0,153194491.8,0.07092337583333334,0.17854835874125877,948346854.0,0.43904946944444445,1.1052993636363637,1386045402.0,0.6416876861111112,1.6154375314685314,7703494444.8,3.5664326133333333,8.978431753846154,1232850910.2
PLS,PLS Group Ltd,7800000000.0,167449.0,114.0,167563.0,,5454175.65,0.06992532884615385,,33763944.5,0.43287108333333335,,49347303.5,0.6326577371794871,,274267118.4,3.516245107692307,,43893127.85
CMM,Capricorn Metals Ltd,5580000000.0,109583.0,13.0,109596.0,,3567349.8000000003,0.063931,,22083594.0,0.39576333333333336,,32276022.0,0.5784233333333333,,179386732.79999998,3.214816,,28708672.2
TLS,Telstra Group Ltd,41000000000.0,31422.07,677663.56,709085.63,23300000000.0,23080737.256500002,0.05629448111341464,0.09905895818240344,142880754.445,0.3484896449878049,0.613222122081545,208825718.035,0.509331019597561,0.896247716888412,1160631359.184,2.8308081931317073,4.981250468600858,185744980.7785
DXS,Dexus,6000000000.0,7345.0,91230.8,98575.8,860000000.0,3208642.2900000005,0.05347737150000001,0.3730979406976745,19863023.7,0.331050395,2.309653918604651,29030573.1,0.483842885,3.375648034883721,161348869.44,2.689147824,18.76149644651163,25821930.810000002
WES,Wesfarmers Ltd,82000000000.0,786392.6,468676.05,1255068.65,44200000000.0,40852484.557500005,0.04982010311890245,0.0924264356504525,252896332.975,0.3084101621646341,0.5721636492647059,369617717.42499995,0.4507533139329267,0.83623917969457,2054296366.3199997,2.505239471121951,4.64772933556561,328765232.86749995
LLC,Lendlease Group,5400000000.0,13049.0,62236.0,75285.0,8900000000.0,2450526.7500000005,0.045380125000000014,0.027534008426966298,15169927.5,0.2809245833333333,0.1704486235955056,22171432.5,0.41058208333333335,0.24911721910112358,123226488.0,2.281972,1.3845672808988765,19720905.75
RHC,Ramsay Health Care Ltd,11000000000.0,16008.0,127591.0,143599.0,16700000000.0,4674147.45,0.042492249545454545,0.027988906886227544,28935198.5,0.2630472590909091,0.1732646616766467,42289905.5,0.38445368636363636,0.2532329670658683,235042843.2,2.13675312,1.4074421748502994,37615758.05
SUL,Super Retail Group Ltd,4500000000.0,900.0,54894.0,55794.0,3900000000.0,1816094.7000000002,0.040357660000000004,0.04656653076923078,11242491.0,0.24983313333333335,0.288269,16431333.0,0.36514073333333336,0.42131623076923075,91323619.2,2.02941376,2.3416312615384616,14615238.3
CHC,Charter Hall Group,7700000000.0,8587.0,86482.0,95069.0,450000000.0,3094495.95,0.04018825909090909,0.6876657666666667,19156403.5,0.24878446103896104,4.2569785555555555,27997820.5,0.36360805844155847,6.221737888888889,155608939.2,2.0208953142857142,34.579764266666665,24903324.55
MGR,Mirvac Group,6600000000.0,9366.0,69854.0,79220.0,3200000000.0,2578611.0000000005,0.039069863636363646,0.08058159375000001,15962830.0,0.2418610606060606,0.4988384375,23330290.0,0.3534892424242424,0.7290715625,129667296.0,1.964656,4.052103,20751679.0
SCG,Scentre Group,16000000000.0,9432.96,174599.84,184032.8,2700000000.0,5990267.640000001,0.03743917275,0.22186176444444444,37082609.199999996,0.23176630749999996,1.3734299703703703,54197659.599999994,0.33873537249999996,2.0073207259259256,301224887.03999996,1.8826555439999997,11.156477297777776,48207391.95999999
NEM,Newmont Corporation,82000000000.0,425732.69,479673.0,905405.69,26600000000.0,29470955.209500004,0.035940189279878056,0.11079306469736844,182439246.535,0.2224868860182927,0.6858618290789473,266641975.70499998,0.3251731411036585,1.0024134425,1481968033.392,1.8072780895024387,5.571308396210526,237171020.49549997
APE,Eagers Automotive Ltd,6100000000.0,38206.0,27686.0,65892.0,,2144784.6,0.03516040327868852,,13277238.0,0.2176596393442623,,19405194.0,0.3181179344262295,,107852025.6,1.768065993442623,,17260409.4
SGM,Sims Ltd,5430000000.0,18237.0,33936.0,52173.0,,1698231.1500000001,0.031274975138121545,,10512859.5,0.19360698895027625,,15364948.5,0.2829640607734807,,85396766.39999999,1.5726844640883977,,13666717.35
LYC,Lynas Rare Earths Ltd,8700000000.0,53257.0,14066.0,67323.0,,2191363.6500000004,0.025188087931034487,,13565584.5,0.15592625862068965,,19826623.5,0.22789222413793103,,110194286.39999999,1.2666009931034483,,17635259.85
JBH,JB Hi-Fi Ltd,9100000000.0,742.0,59072.0,59814.0,9600000000.0,1946945.7000000002,0.021395007692307694,0.020280684375000003,12052521.0,0.1324452857142857,0.12554709375,17615223.0,0.19357387912087912,0.18349190625,97903555.2,1.075863243956044,1.0198287,15668277.3
TCL,Transurban Group,47210000000.0,4245.0,182151.0,186396.0,4900000000.0,6067189.800000001,0.012851492904045756,0.12382020000000002,37558794.0,0.07955686083456895,0.766506,54893622.0,0.11627541198898539,1.120278,305092972.8,0.6462465003177293,6.2263872,48826432.2
SHL,Sonic Healthcare Ltd,14000000000.0,7094.0,48090.0,55184.0,9100000000.0,1796239.2000000002,0.012830280000000003,0.01973889230769231,11119576.0,0.07942554285714286,0.12219314285714286,16251688.0,0.11608348571428571,0.178589978021978,90325171.2,0.6451797942857143,0.9925842989010989,14455448.8
CSL,CSL Ltd,48000000000.0,30726.0,80987.0,111713.0,21100000000.0,3636258.1500000004,0.0075755378125000015,0.017233450947867303,22510169.5,0.046896186458333336,0.10668326777251184,32899478.5,0.06854058020833333,0.1559216990521327,182851838.4,0.38094133,0.866596390521327,29263220.35
ANZ,ANZ Group Holdings Ltd,103000000000.0,4370.0,57004.0,61374.0,20300000000.0,1997723.7000000002,0.0019395375728155342,0.009841003448275864,12366861.0,0.012006661165048544,0.06092049753694581,18074643.0,0.01754819708737864,0.08903765024630542,100456963.2,0.09753103223300971,0.49486188768472905,16076919.3
CBA,Commonwealth Bank of Australia,280000000000.0,4306.0,54017.0,58323.0,,1898413.6500000001,0.000678004875,,11752084.5,0.004197173035714286,,17176123.5,0.006134329821428572,,95463086.39999999,0.03409395942857143,,15277709.85
