Company Name,Cohort,Near-term Status,Sector,Target Year,Net-Zero Year,Target Classification (Long)
ASX Limited,ASX listed (SBTi),Commitment removed,"Banks, Diverse Financials, Insurance",2025,,Quantitative non-validated
Appen Limited,ASX listed (SBTi),Commitment removed,Software and Services,,,No public target
Downer EDI Limited,ASX listed (SBTi),Commitment removed,Construction and Engineering,2035,2050,Quantitative non-validated
Flight Centre Travel Group,ASX listed (SBTi),Commitment removed,"Hotels, Restaurants and Leisure, and Tourism Services",2028,,SBTi committed
Fortescue Metals Group Ltd,ASX listed (SBTi),Commitment removed,"Mining - Iron, Aluminum, Other Metals",2030,2040,Quantitative non-validated
Inghams Group Ltd,ASX listed (SBTi),Commitment removed,Food Production - Animal Source Food Production,2030,,Quantitative non-validated
Stockland Corporation Limited and Stockland Trust,ASX listed (SBTi),Commitment removed,Real Estate,2028,2050,Quantitative non-validated
Vicinity Centres,ASX listed (SBTi),Commitment removed,Real Estate,2030,2030,Quantitative non-validated
Australian Ethical Investment,ASX listed (SBTi),Committed,"Banks, Diverse Financials, Insurance",2040,2040,Net-zero only
Metrics Credit Partners,ASX listed (SBTi),Committed,"Banks, Diverse Financials, Insurance",2027,2050,SBTi committed
nib holdings limited (nib Group),ASX listed (SBTi),Committed,"Banks, Diverse Financials, Insurance",2030,,Quantitative non-validated
Adherium Ltd,ASX listed (SBTi),Targets set,"Healthcare Providers and Services, and Healthcare Technology",2030,,The targets covering greenhouse gas emissions from company operations (scopes 1 and 2) are consistent with reductions required to keep warming to 1.5°C
Ansell Limited,ASX listed (SBTi),Targets set,Healthcare Equipment and Supplies,FY2030,FY2045,The targets covering greenhouse gas emissions from company operations (scopes 1 and 2) are consistent with reductions required to keep warming to 1.5°C
Aristocrat Leisure Limited,ASX listed (SBTi),Targets set,"Hotels, Restaurants and Leisure, and Tourism Services",FY2033,FY2050,The targets covering greenhouse gas emissions from company operations (scopes 1 and 2) are consistent with reductions required to keep warming to 1.5°C
Bendigo and Adelaide Bank Limited,ASX listed (SBTi),Targets set,"Banks, Diverse Financials, Insurance",FY2025,,The targets covering greenhouse gas emissions from company operations (scopes 1 and 2) are consistent with reductions required to keep warming to 1.5°C
Boral Limited,ASX listed (SBTi),Targets set,Construction Materials,FY2030,,The targets covering greenhouse gas emissions from company operations (scopes 1 and 2) are consistent with reductions required to keep warming to 1.5°C
Brambles,ASX listed (SBTi),Targets set,Air Freight Transportation and Logistics,2030,,The targets covering greenhouse gas emissions from company operations (scopes 1 and 2) are consistent with reductions required to keep warming to 1.5°C
CSL Limited,ASX listed (SBTi),Targets set,"Pharmaceuticals, Biotechnology and Life Sciences",FY2030,,The targets covering greenhouse gas emissions from company operations (scopes 1 and 2) are consistent with reductions required to keep warming to 1.5°C
Coles Group Limited,ASX listed (SBTi),Targets set,Food and Staples Retailing,FY2030,,The targets covering greenhouse gas emissions from company operations (scopes 1 and 2) are consistent with reductions required to keep warming to 1.5°C
Computershare Limited,ASX listed (SBTi),Targets set,"Specialized Financial Services, Consumer Finance, Insurance Brokerage Firms",FY2033,FY2042,The targets covering greenhouse gas emissions from company operations (scopes 1 and 2) are consistent with reductions required to keep warming to 1.5°C
Dexus,ASX listed (SBTi),Targets set,Real Estate,2030,,The targets covering greenhouse gas emissions from company operations (scopes 1 and 2) are consistent with reductions required to keep warming to 1.5°C
Domino's Pizza Enterprises Ltd,ASX listed (SBTi),Targets set,"Hotels, Restaurants and Leisure, and Tourism Services",FY2031,FY2050,The targets covering greenhouse gas emissions from company operations (scopes 1 and 2) are consistent with reductions required to keep warming to 1.5°C
EVT Limited,ASX listed (SBTi),Targets set,"Hotels, Restaurants and Leisure, and Tourism Services",FY2030,,The targets covering greenhouse gas emissions from company operations (scopes 1 and 2) are consistent with reductions required to keep warming to 1.5°C
Goodman Group,ASX listed (SBTi),Targets set,Real Estate,FY2030,,The targets covering greenhouse gas emissions from company operations (scopes 1 and 2) are consistent with reductions required to keep warming to 1.5°C
GrainCorp Limited,ASX listed (SBTi),Targets set,Food Production - Agricultural Production,FY2034,FY2050,The targets covering greenhouse gas emissions from company operations (scopes 1 and 2) are consistent with reductions required to keep warming to 1.5°C
Investa Office Management Pty Limited,ASX listed (SBTi),Targets set,Real Estate,2030,,The targets covering greenhouse gas emissions from company operations (scopes 1 and 2) are consistent with reductions required to keep warming to 1.5°C
Iress Limited,ASX listed (SBTi),Targets set,Software and Services,2030,,The targets covering greenhouse gas emissions from company operations (scopes 1 and 2) are consistent with reductions required to keep warming to 1.5°C
Lendlease,ASX listed (SBTi),Targets set,Real Estate,FY2030,,The targets covering greenhouse gas emissions from company operations (scopes 1 and 2) are consistent with reductions required to keep warming to 1.5°C
Mirvac Group,ASX listed (SBTi),Targets set,Real Estate,FY2030,,The targets covering greenhouse gas emissions from company operations (scopes 1 and 2) are consistent with reductions required to keep warming to 1.5°C
MoneyMe Limited,ASX listed (SBTi),Targets set,"Specialized Financial Services, Consumer Finance, Insurance Brokerage Firms",2030,,The targets covering greenhouse gas emissions from company operations (scopes 1 and 2) are consistent with reductions required to keep warming to 1.5°C
Origin Energy,ASX listed (SBTi),Targets set,"Electric Utilities and Independent Power Producers and Energy Traders (including Fossil, Alternative and Nuclear Energy)",2032,,The targets covering greenhouse gas emissions from company operations (scopes 1 and 2) are consistent with reductions required to keep warming to Well-below 2°C
Pro-Pac Packaging Limited,ASX listed (SBTi),Targets set,Containers and Packaging,FY2034,FY2050,The targets covering greenhouse gas emissions from company operations (scopes 1 and 2) are consistent with reductions required to keep warming to 1.5°C
Ramsay Health Care Limited,ASX listed (SBTi),Targets set,"Healthcare Providers and Services, and Healthcare Technology",FY2030,FY2040,The targets covering greenhouse gas emissions from company operations (scopes 1 and 2) are consistent with reductions required to keep warming to 1.5°C
SunRice (listed as RiceGrowers Limited),ASX listed (SBTi),Targets set,Food and Beverage Processing,FY2033,FY2050,The targets covering greenhouse gas emissions from company operations (scopes 1 and 2) are consistent with reductions required to keep warming to 1.5°C
TPG Telecom Limited,ASX listed (SBTi),Targets set,Telecommunication Services,2030,2050,The targets covering greenhouse gas emissions from company operations (scopes 1 and 2) are consistent with reductions required to keep warming to 1.5°C
Telstra Group Limited,ASX listed (SBTi),Targets set,Telecommunication Services,FY2030,FY2050,The targets covering greenhouse gas emissions from company operations (scopes 1 and 2) are consistent with reductions required to keep warming to 1.5°C
Transurban Group,ASX listed (SBTi),Targets set,Ground Transportation - Highways and Railtracks,FY2030,,The targets covering greenhouse gas emissions from company operations (scopes 1 and 2) are consistent with reductions required to keep warming to 1.5°C
Ventia Services Group Limited,ASX listed (SBTi),Targets set,"Trading Companies and Distributors, and Commercial Services and Supplies",2030,2050,The targets covering greenhouse gas emissions from company operations (scopes 1 and 2) are consistent with reductions required to keep warming to 1.5°C
Woolworths Group Limited,ASX listed (SBTi),Targets set,Food and Staples Retailing,FY2033,FY2050,The targets covering greenhouse gas emissions from company operations (scopes 1 and 2) are consistent with reductions required to keep warming to 1.5°C
Xero,ASX listed (SBTi),Targets set,Software and Services,FY2034,,The targets covering greenhouse gas emissions from company operations (scopes 1 and 2) are consistent with reductions required to keep warming to 1.5°C
Accolade Wines,"Australian Corporate / FI (SBTi, private)",Commitment removed,Food and Beverage Processing,,,
Airmaster Corporation PTY LTD,"Australian Corporate / FI (SBTi, private)",Commitment removed,Construction and Engineering,,,
B2R Local No.1 Pty Ltd,"Australian Corporate / FI (SBTi, private)",Commitment removed,Real Estate,,,
BAI Communications Pty Ltd,"Australian Corporate / FI (SBTi, private)",Commitment removed,Media,,,
Cement Australia Pty Ltd,"Australian Corporate / FI (SBTi, private)",Commitment removed,Construction Materials,,,
Consolidated Property Services (Australia) Pty Ltd,"Australian Corporate / FI (SBTi, private)",Commitment removed,"Trading Companies and Distributors, and Commercial Services and Supplies",,,
IPEC PTY LTD (TEAM GLOBAL EXPRESS),"Australian Corporate / FI (SBTi, private)",Commitment removed,Ground Transportation - Trucking Transportation,,,
Icon Construction,"Australian Corporate / FI (SBTi, private)",Commitment removed,Construction and Engineering,,,
Intrepid Travel,"Australian Corporate / FI (SBTi, private)",Commitment removed,"Hotels, Restaurants and Leisure, and Tourism Services",,,
Nando's Australia Pty Ltd,"Australian Corporate / FI (SBTi, private)",Commitment removed,"Hotels, Restaurants and Leisure, and Tourism Services",,,
Partners in Performance,"Australian Corporate / FI (SBTi, private)",Commitment removed,Professional Services,,,
SECURECORP PTY LTD,"Australian Corporate / FI (SBTi, private)",Commitment removed,"Trading Companies and Distributors, and Commercial Services and Supplies",,,
SMEC ANZ,"Australian Corporate / FI (SBTi, private)",Commitment removed,Professional Services,,,
South East Water,"Australian Corporate / FI (SBTi, private)",Commitment removed,Water Utilities,,,
Teachers Mutual Bank,"Australian Corporate / FI (SBTi, private)",Commitment removed,"Banks, Diverse Financials, Insurance",,,
The Arnotts Group,"Australian Corporate / FI (SBTi, private)",Commitment removed,Food and Beverage Processing,,,
Yarra Valley Water,"Australian Corporate / FI (SBTi, private)",Commitment removed,Water Utilities,,,
Alsco Uniforms,"Australian Corporate / FI (SBTi, private)",Committed,"Trading Companies and Distributors, and Commercial Services and Supplies",,,
BDO Group Holdings Limited,"Australian Corporate / FI (SBTi, private)",Committed,Professional Services,,,
Baiada Pty Ltd,"Australian Corporate / FI (SBTi, private)",Committed,Food and Beverage Processing,,,
CYBERCX PTY LTD,"Australian Corporate / FI (SBTi, private)",Committed,Professional Services,,,
Campus Living Villages,"Australian Corporate / FI (SBTi, private)",Committed,Real Estate,,,
Compnow,"Australian Corporate / FI (SBTi, private)",Committed,Technology Hardware and Equipment,,,
Erilyan Group Pty Ltd,"Australian Corporate / FI (SBTi, private)",Committed,Construction and Engineering,,,
FDC Group Holdings Pty Ltd,"Australian Corporate / FI (SBTi, private)",Committed,Construction and Engineering,,,
Fitness Passport,"Australian Corporate / FI (SBTi, private)",Committed,"Healthcare Providers and Services, and Healthcare Technology",,,
Glad Group,"Australian Corporate / FI (SBTi, private)",Committed,Real Estate,,,
Grosvenor Engineering Group Pty Ltd,"Australian Corporate / FI (SBTi, private)",Committed,Construction and Engineering,,,
HSK Ward Group Pty Ltd,"Australian Corporate / FI (SBTi, private)",Committed,Food and Staples Retailing,,,
Hall & Wilcox,"Australian Corporate / FI (SBTi, private)",Committed,Professional Services,,,
Lander & Rogers,"Australian Corporate / FI (SBTi, private)",Committed,Professional Services,,,
Lyka Pet Food,"Australian Corporate / FI (SBTi, private)",Committed,Food and Beverage Processing,,,
MYOB,"Australian Corporate / FI (SBTi, private)",Committed,Software and Services,,,
MinterEllison Services Pty Limited,"Australian Corporate / FI (SBTi, private)",Committed,Professional Services,,,
Northline Partnership,"Australian Corporate / FI (SBTi, private)",Committed,Ground Transportation - Trucking Transportation,,,
OCS Group Australia,"Australian Corporate / FI (SBTi, private)",Committed,"Trading Companies and Distributors, and Commercial Services and Supplies",,,
Quad Services Pty Ltd,"Australian Corporate / FI (SBTi, private)",Committed,"Trading Companies and Distributors, and Commercial Services and Supplies",,,
SG Fleet,"Australian Corporate / FI (SBTi, private)",Committed,Professional Services,,,
Soho Flordis International Pty Ltd,"Australian Corporate / FI (SBTi, private)",Committed,"Pharmaceuticals, Biotechnology and Life Sciences",,,
Waste Services Group Pty Ltd,"Australian Corporate / FI (SBTi, private)",Committed,Solid Waste Management Utilities,,,
APOG Topco Pty Ltd,"Australian Corporate / FI (SBTi, private)",Targets set,"Healthcare Providers and Services, and Healthcare Technology",FY2030,,The targets covering greenhouse gas emissions from company operations (scopes 1 and 2) are consistent with reductions required to keep warming to 1.5°C
Allens,"Australian Corporate / FI (SBTi, private)",Targets set,Professional Services,FY2030,,The targets covering greenhouse gas emissions from company operations (scopes 1 and 2) are consistent with reductions required to keep warming to 1.5°C
Ausgrid Group,"Australian Corporate / FI (SBTi, private)",Targets set,"Electric Utilities and Independent Power Producers and Energy Traders (including Fossil, Alternative and Nuclear Energy)",FY2030,FY2045,The targets covering greenhouse gas emissions from company operations (scopes 1 and 2) are consistent with reductions required to keep warming to 1.5°C
Australian Broadcasting Corporation,"Australian Corporate / FI (SBTi, private)",Targets set,Media,FY2033,,The targets covering greenhouse gas emissions from company operations (scopes 1 and 2) are consistent with reductions required to keep warming to 1.5°C
Australian Postal Corporation,"Australian Corporate / FI (SBTi, private)",Targets set,Air Freight Transportation and Logistics,FY2025,,The targets covering greenhouse gas emissions from company operations (scopes 1 and 2) are consistent with reductions required to keep warming to Well-below 2°C
BIC Consolidated,"Australian Corporate / FI (SBTi, private)",Targets set,"Trading Companies and Distributors, and Commercial Services and Supplies",FY2035,FY2050,The targets covering greenhouse gas emissions from company operations (scopes 1 and 2) are consistent with reductions required to keep warming to 1.5°C
Bank Australia,"Australian Corporate / FI (SBTi, private)",Targets set,"Banks, Diverse Financials, Insurance",2025,,The targets covering greenhouse gas emissions from company operations (scopes 1 and 2) are consistent with reductions required to keep warming to 1.5°C
Bundaberg Sugar LTD,"Australian Corporate / FI (SBTi, private)",Targets set,Food and Beverage Processing,2030,2050,The targets covering greenhouse gas emissions from company operations (scopes 1 and 2) are consistent with reductions required to keep warming to 1.5°C
CURA Day Hospitals Group Pty Ltd,"Australian Corporate / FI (SBTi, private)",Targets set,"Healthcare Providers and Services, and Healthcare Technology",2030,,The targets covering greenhouse gas emissions from company operations (scopes 1 and 2) are consistent with reductions required to keep warming to 1.5°C
Cirka,"Australian Corporate / FI (SBTi, private)",Targets set,"Trading Companies and Distributors, and Commercial Services and Supplies",FY2030,FY2050,The targets covering greenhouse gas emissions from company operations (scopes 1 and 2) are consistent with reductions required to keep warming to 1.5°C
Culture Amp,"Australian Corporate / FI (SBTi, private)",Targets set,Software and Services,FY2030,,The targets covering greenhouse gas emissions from company operations (scopes 1 and 2) are consistent with reductions required to keep warming to 1.5°C
Edge Environment Pty Ltd,"Australian Corporate / FI (SBTi, private)",Targets set,Professional Services,2027,,The targets covering greenhouse gas emissions from company operations (scopes 1 and 2) are consistent with reductions required to keep warming to 1.5°C
FRASERS PROPERTY AUSTRALIA,"Australian Corporate / FI (SBTi, private)",Targets set,Real Estate,FY2028,,The targets covering greenhouse gas emissions from company operations (scopes 1 and 2) are consistent with reductions required to keep warming to 1.5°C
Frasers Property Industrial,"Australian Corporate / FI (SBTi, private)",Targets set,Real Estate,FY2030,,The targets covering greenhouse gas emissions from company operations (scopes 1 and 2) are consistent with reductions required to keep warming to 1.5°C
GHD Group Limited,"Australian Corporate / FI (SBTi, private)",Targets set,Professional Services,FY2033,FY2050,The targets covering greenhouse gas emissions from company operations (scopes 1 and 2) are consistent with reductions required to keep warming to 1.5°C
GeelongPort,"Australian Corporate / FI (SBTi, private)",Targets set,Water Transportation - Water Transportation,2030,,The targets covering greenhouse gas emissions from company operations (scopes 1 and 2) are consistent with reductions required to keep warming to 1.5°C
Great Southern Bank,"Australian Corporate / FI (SBTi, private)",Targets set,"Banks, Diverse Financials, Insurance",FY2028,,The targets covering greenhouse gas emissions from company operations (scopes 1 and 2) are consistent with reductions required to keep warming to 1.5°C
"King & Wood Mallesons, Australia & Singapore","Australian Corporate / FI (SBTi, private)",Targets set,Professional Services,FY2030,FY2040,The targets covering greenhouse gas emissions from company operations (scopes 1 and 2) are consistent with reductions required to keep warming to 1.5°C
Labelmakers Group Australia,"Australian Corporate / FI (SBTi, private)",Targets set,Containers and Packaging,2030,,The targets covering greenhouse gas emissions from company operations (scopes 1 and 2) are consistent with reductions required to keep warming to 1.5°C
Levande,"Australian Corporate / FI (SBTi, private)",Targets set,Real Estate,FY2030,,The targets covering greenhouse gas emissions from company operations (scopes 1 and 2) are consistent with reductions required to keep warming to 1.5°C
Mahindra Automotive Australia Pty Ltd,"Australian Corporate / FI (SBTi, private)",Targets set,Automobiles and Components,FY2035,,The targets covering greenhouse gas emissions from company operations (scopes 1 and 2) are consistent with reductions required to keep warming to 1.5°C. The targets covering greenhouse gas emissions from scope 3 category 11 emissions from use of sold products are consistent with reductions required to keep warming to Well-below 2°C
Midfield Group,"Australian Corporate / FI (SBTi, private)",Targets set,Food Production - Animal Source Food Production,FY2030,FY2050,The targets covering greenhouse gas emissions from company operations (scopes 1 and 2) are consistent with reductions required to keep warming to 1.5°C
Moose Toys,"Australian Corporate / FI (SBTi, private)",Targets set,"Consumer Durables, Household and Personal Products",2030,2040,The targets covering greenhouse gas emissions from company operations (scopes 1 and 2) are consistent with reductions required to keep warming to 1.5°C
NBN Co Limited,"Australian Corporate / FI (SBTi, private)",Targets set,Telecommunication Services,FY2030,FY2045,The targets covering greenhouse gas emissions from company operations (scopes 1 and 2) are consistent with reductions required to keep warming to 1.5°C
Pact Group,"Australian Corporate / FI (SBTi, private)",Targets set,Containers and Packaging,FY2030,FY2050,The targets covering greenhouse gas emissions from company operations (scopes 1 and 2) are consistent with reductions required to keep warming to 1.5°C
Palladium Group Holdings Pty Ltd,"Australian Corporate / FI (SBTi, private)",Targets set,Professional Services,2030,,The targets covering greenhouse gas emissions from company operations (scopes 1 and 2) are consistent with reductions required to keep warming to 1.5°C
People First Bank,"Australian Corporate / FI (SBTi, private)",Targets set,"Banks, Diverse Financials, Insurance",FY2029,,The targets covering greenhouse gas emissions from company operations (scopes 1 and 2) are consistent with reductions required to keep warming to 1.5°C
Princess Polly,"Australian Corporate / FI (SBTi, private)",Targets set,"Textiles, Apparel, Footwear and Luxury Goods",2030,2050,The targets covering greenhouse gas emissions from company operations (scopes 1 and 2) are consistent with reductions required to keep warming to 1.5°C
Robert Bird Group,"Australian Corporate / FI (SBTi, private)",Targets set,Professional Services,2030,2050,The targets covering greenhouse gas emissions from company operations (scopes 1 and 2) are consistent with reductions required to keep warming to 1.5°C
Special Broadcasting Service,"Australian Corporate / FI (SBTi, private)",Targets set,Media,FY2030,FY2045,The targets covering greenhouse gas emissions from company operations (scopes 1 and 2) are consistent with reductions required to keep warming to 1.5°C
Tassal Group Limited,"Australian Corporate / FI (SBTi, private)",Targets set,Food Production - Animal Source Food Production,FY2033,,The targets covering greenhouse gas emissions from company operations (scopes 1 and 2) are consistent with reductions required to keep warming to 1.5°C
Timberlink Australia | New Zealand,"Australian Corporate / FI (SBTi, private)",Targets set,"Forest and Paper Products - Forestry, Timber, Pulp and Paper, Rubber",FY2030,,The targets covering greenhouse gas emissions from company operations (scopes 1 and 2) are consistent with reductions required to keep warming to 1.5°C
Zimmermann,"Australian Corporate / FI (SBTi, private)",Targets set,"Textiles, Apparel, Footwear and Luxury Goods",FY2030,FY2050,The targets covering greenhouse gas emissions from company operations (scopes 1 and 2) are consistent with reductions required to keep warming to 1.5°C
